시설명,시설유형,소재지도로명주소,소재지지번주소,위도,경도,영업상태명,전화번호,건립일자,건물면적,관리기관명,데이터기준일자,제공기관코드,제공기관명
사창동사창경로당,경로당,충청북도 청주시 서원구 창신로 26번길 45-1,충청북도 청주시 서원구 사창동 301-26,36.63336556,127.4670088,영업,,1985-04-13,,충청북도 청주시청,2024-11-11,5710000,충청북도 청주시
LH청주탑동아파트경로당,경로당,"충청북도 청주시 상당구 산성로 55 (탑동, 탑클래스아파트)",충청북도 청주시 상당구 탑동 344,36.6301445,127.5013294,영업,,2014-11-14,,충청북도 청주시청,2024-11-11,5710000,충청북도 청주시
kt&G청주동우회경로당,경로당,충청북도 청주시 청원구 새터로 34,충청북도 청주시 청원구 내덕동 306-3,36.65606192,127.4865898,영업,,1999-05-03,,충청북도 청주시청,2024-11-11,5710000,충청북도 청주시
하영경로당,경로당,충청북도 진천군 초평면 상하영길 41-14,,36.86040567,127.5507357,영업,,1990-12-10,,충청북도 진천군청,2024-12-09,4450000,충청북도 진천군
사천동아1차아파트경로당,경로당,"충청북도 청주시 청원구 율봉로 31(사천동, 사천동아1차아파트)",충청북도 청주시 청원구 사천동 437,36.66380958,127.474491,영업,,1994-05-01,,충청북도 청주시청,2024-11-11,5710000,충청북도 청주시
사태,경로당,충청북도 청주시 상당구 수영로 350,충청북도 청주시 상당구 금천동 325,36.63287465,127.5107683,영업,,1992-04-22,,충청북도 청주시청,2024-11-11,5710000,충청북도 청주시
산남경로당,경로당,충청북도 청주시 서원구 두꺼비로 27번길 17,충청북도 청주시 서원구 산남동 1037,36.60791025,127.4675756,영업,,2018-03-20,,충청북도 청주시청,2024-11-11,5710000,충청북도 청주시
산남계룡리슈빌경로당,경로당,충청북도 청주시 서원구 두꺼비로 53,충청북도 청주시 서원구 산남동 679,36.60947588,127.4640498,영업,,2007-08-31,,충청북도 청주시청,2024-11-11,5710000,충청북도 청주시
산남동대원칸타빌1단지아파트경로당,경로당,충청북도 청주시 서원구 두꺼비로 63,충청북도 청주시 서원구 산남동 678,36.61058462,127.463845,영업,,2007-10-29,,충청북도 청주시청,2024-11-11,5710000,충청북도 청주시
산남부영사랑으로경로당,경로당,충청북도 청주시 서원구 원흥로 14,충청북도 청주시 서원구 산남동 1094,36.60867633,127.4740466,영업,,2011-04-20,,충청북도 청주시청,2024-11-11,5710000,충청북도 청주시
산남주공1단지경로당,경로당,충청북도 청주시 서원구 구룡산로 319,충청북도 청주시 서원구 수곡동 328,36.61901899,127.4803238,영업,,1991-11-28,,충청북도 청주시청,2024-11-11,5710000,충청북도 청주시
산남퀸덤경로당,경로당,충청북도 청주시 서원구 두꺼비로 93,충청북도 청주시 서원구 산남동 671,36.61288399,127.4638111,영업,,2008-05-09,,충청북도 청주시청,2024-11-11,5710000,충청북도 청주시
산남푸르지오아파트경로당,경로당,충청북도 청주시 서원구 두꺼비로 53,충청북도 청주시 서원구 산남동 679,36.60947588,127.4640498,영업,,2007-10-29,,충청북도 청주시청,2024-11-11,5710000,충청북도 청주시
산단리,마을회관및경로당,충청북도 청주시 흥덕구 강내면 산단길 5-1,충청북도 청주시 흥덕구 강내면 산단리 77,36.58171935,127.3535371,영업,,1994-06-04,,충청북도 청주시청,2024-11-11,5710000,충청북도 청주시
산덕리,마을회관및경로당,충청북도 청주시 상당구 문의면 산덕1길 3-12,충청북도 청주시 상당구 문의면 산덕리 353,36.48944041,127.5131881,영업,043-221-2564,1989-05-29,108.25,충청북도 청주시청,2024-11-11,5710000,충청북도 청주시
산막리경로당,마을회관및경로당,충청북도 청주시 서원구 남이면 원산막길 92,충청북도 청주시 서원구 남이면 산막리 372-1,36.54847335,127.4004883,영업,,1989-05-29,,충청북도 청주시청,2024-11-11,5710000,충청북도 청주시
산성경로당,경로당,충청북도 청주시 상당구 성내로149번길 4,충청북도 청주시 상당구 산성동 105-10,36.66514029,127.5394958,영업,,1992-03-09,,충청북도 청주시청,2024-11-11,5710000,충청북도 청주시
산정경로당,경로당,충청북도 청주시 흥덕구 흥덕로127번길 63,충청북도 청주시 흥덕구 운천동 467-1,36.64755754,127.4740266,영업,,2013-07-17,,충청북도 청주시청,2024-11-11,5710000,충청북도 청주시
삼덕경로당,경로당,충청북도 청주시 청원구 향군로151번길 10,충청북도 청주시 청원구 내덕동 670-22,36.6572899,127.4784901,영업,,2006-08-25,,충청북도 청주시청,2024-11-11,5710000,충청북도 청주시
삼산1리,마을회관및경로당,충청북도 청주시 상당구 낭성면 현암삼산로 304,충청북도 청주시 상당구 낭성면 삼산리 186-1,36.6665838,127.5650117,영업,,2002-11-15,,충청북도 청주시청,2024-11-11,5710000,충청북도 청주시
삼산2리,마을회관및경로당,충청북도 청주시 상당구 낭성면 삼산길 168-1,충청북도 청주시 상당구 낭성면 삼산리 83-1,36.67291362,127.5755501,영업,,2007-01-16,,충청북도 청주시청,2024-11-11,5710000,충청북도 청주시
삼성아파트경로당,경로당,충청북도 청주시 흥덕구 사운로321번길 20 (신봉동),충청북도 청주시 흥덕구 신봉동 159,36.65513276,127.4686588,영업,,1993-09-13,,충청북도 청주시청,2024-11-11,5710000,충청북도 청주시
삼성아파트제2경로당,경로당,"충청북도 청주시 청원구 주성로96번길 29 (율량동, 삼성아파트)",충청북도 청주시 청원구 율량동 1180,36.66767026,127.4794202,영업,,1996-05-01,,충청북도 청주시청,2024-11-11,5710000,충청북도 청주시
삼익1차A경로당,경로당,충청북도 청주시 서원구 예체로7번길 48,충청북도 청주시 서원구 개신동 10,36.62734441,127.467372,영업,,1991-05-15,,충청북도 청주시청,2024-11-11,5710000,충청북도 청주시
삼익2차A경로당,경로당,충청북도 청주시 서원구 창직로12번길 65 (개신동),충청북도 청주시 서원구 개신동 11,36.62789093,127.4645191,영업,,1993-07-05,,충청북도 청주시청,2024-11-11,5710000,충청북도 청주시
삼익아파트경로당,경로당,충청북도 청주시 서원구 서원서로 27,충청북도 청주시 서원구 모충동 374-1,36.62481222,127.4787924,영업,,1989-08-25,,충청북도 청주시청,2024-11-11,5710000,충청북도 청주시
삼일(아)경로당,경로당,충청북도 청주시 상당구 수영로 136,충청북도 청주시 상당구 영운동 205-5,36.61672099,127.5004522,영업,,1993-08-31,,충청북도 청주시청,2024-11-11,5710000,충청북도 청주시
삼일A,경로당,충청북도 청주시 상당구 꽃산동로14번길 24,충청북도 청주시 상당구 금천동 59-3,36.62554495,127.5077994,영업,,1993-11-30,,충청북도 청주시청,2024-11-11,5710000,충청북도 청주시
삼일A,경로당,"충청북도 청주시 흥덕구 복대로118번길 16 (복대동, 삼일A)",충청북도 청주시 흥덕구 복대동 2008,36.62705083,127.441838,영업,,1992-03-26,,충청북도 청주시청,2024-11-11,5710000,충청북도 청주시
삼일맨션경로당,경로당,"충청북도 청주시 상당구 산성로49번길 4, 302동 105호(탑동, 삼일맨션)",충청북도 청주시 상당구 탑동 83-8,36.62865755,127.5004287,영업,,1999-05-27,,충청북도 청주시청,2024-11-11,5710000,충청북도 청주시
삼일아파트경로당,경로당,"충청북도 청주시 상당구 무농정로 103 (용암동, 무지개삼일@)",충청북도 청주시 상당구 용암동 2083,36.61177786,127.5121134,영업,,1995-07-04,,충청북도 청주시청,2024-11-11,5710000,충청북도 청주시
삼일아파트경로당,경로당,"충청북도 청주시 흥덕구 비하로63번길 24 (비하동, 삼일A)",충청북도 청주시 흥덕구 비하동 238-1,36.63277667,127.4229793,영업,,1990-07-24,,충청북도 청주시청,2024-11-11,5710000,충청북도 청주시
삼일아파트경로당,경로당,충청북도 청주시 흥덕구 사운로 278 (운천동),충청북도 청주시 흥덕구 운천동 577,36.65230732,127.4735247,영업,,1996-09-19,,충청북도 청주시청,2024-11-11,5710000,충청북도 청주시
삼일아파트경로당,경로당,충청북도 청주시 청원구 1순환로341번길 50,충청북도 청주시 청원구 내덕동 698-1,36.65636428,127.4776539,영업,,1989-11-10,,충청북도 청주시청,2024-11-11,5710000,충청북도 청주시
운수경로당,경로당,전북특별자치도 임실군 임실읍 봉황11길 42,전북특별자치도 임실군 임실읍 이도리 667-1,35.61289338,127.2815063,영업,,1985-05-08,101.7,전북특별자치도 임실군청 주민복지과,2024-12-10,4761000,전북특별자치도 임실군
삼일아파트경로당,경로당,충청북도 청주시 청원구 직지대로 874-6,충청북도 청주시 청원구 우암동 323-18,36.65049185,127.4872577,영업,,1982-09-27,,충청북도 청주시청,2024-11-11,5710000,충청북도 청주시
삼일원앙A,경로당,충청북도 청주시 흥덕구 가경로 100-20,충청북도 청주시 흥덕구 가경동 1761,36.62421116,127.4400934,영업,,1998-01-23,,충청북도 청주시청,2024-11-11,5710000,충청북도 청주시
삼정1차아파트경로당,경로당,"충청북도 청주시 청원구 율봉로201번길 50(율량동, 삼정아파트)",충청북도 청주시 청원구 율량동 862,36.67096647,127.4925631,영업,,1991-07-01,,충청북도 청주시청,2024-11-11,5710000,충청북도 청주시
삼정2차아파트경로당,경로당,"충청북도 청주시 청원구 율봉로175번길 54(율량동, 삼정아파트)",충청북도 청주시 청원구 율량동 742,36.67112251,127.4899487,영업,,1992-09-23,,충청북도 청주시청,2024-11-11,5710000,충청북도 청주시
삼진(아)경로당,경로당,충청북도 청주시 상당구 영운천로69번길 57,충청북도 청주시 상당구 영운동 41-3,36.62094537,127.5048819,영업,,1995-02-27,,충청북도 청주시청,2024-11-11,5710000,충청북도 청주시
삼포아파트경로당,마을회관및경로당,충청북도 청주시 서원구 남이면 저산척북로 636-10,충청북도 청주시 서원구 남이면 척북리 74-7,36.57146868,127.4232691,영업,,1994-08-09,,충청북도 청주시청,2024-11-11,5710000,충청북도 청주시
삼항1리,마을회관및경로당,충청북도 청주시 상당구 가덕면 상장인차로151-4,충청북도 청주시 상당구 가덕면 삼항리 233-1,36.53020191,127.5211586,영업,,1989-05-29,,충청북도 청주시청,2024-11-11,5710000,충청북도 청주시
삼항2리,마을회관및경로당,충청북도 청주시 상당구 가덕면 삼항상대로48-3,충청북도 청주시 상당구 가덕면 삼항리 342-1,36.53278324,127.518594,영업,,1989-05-29,,충청북도 청주시청,2024-11-11,5710000,충청북도 청주시
삼호아파트경로당,경로당,충청북도 청주시 서원구 매봉로 208,충청북도 청주시 서원구 모충동 446-35,36.62768717,127.4761429,영업,,1991-08-21,,충청북도 청주시청,2024-11-11,5710000,충청북도 청주시
상당경로당,경로당,충청북도 청주시 청원구 우암로54번길 9-2,충청북도 청주시 청원구 우암동 360,36.65322221,127.4857934,영업,,1998-08-01,,충청북도 청주시청,2024-11-11,5710000,충청북도 청주시
상대1리,마을회관및경로당,충청북도 청주시 상당구 가덕면 상대길 19,충청북도 청주시 상당구 가덕면 상대리 100,36.55141136,127.5114151,영업,,1999-04-24,,충청북도 청주시청,2024-11-11,5710000,충청북도 청주시
상대2리,마을회관및경로당,충청북도 청주시 상당구 가덕면 고은두산로313,충청북도 청주시 상당구 가덕면 상대리 157-8,36.54749066,127.5172079,영업,,1993-07-19,,충청북도 청주시청,2024-11-11,5710000,충청북도 청주시
상리경로당,경로당,충청북도 청주시 청원구 상리로8번길 7-3(율량동),충청북도 청주시 청원구 율량동 122,36.66362097,127.5122348,영업,,2010-10-01,,충청북도 청주시청,2024-11-11,5710000,충청북도 청주시
상발리경로당,마을회관및경로당,충청북도 청주시 서원구 남이면 갈원상발길 233-15,충청북도 청주시 서원구 남이면 상발리 42,36.58665245,127.3990982,영업,,1995-12-23,,충청북도 청주시청,2024-11-11,5710000,충청북도 청주시
상봉1리경로당,마을회관및경로당,충청북도 청주시 흥덕구 오송읍 상봉길 91,충청북도 청주시 흥덕구 오송읍 상봉리 116-2,36.64202965,127.2933884,영업,,1989-05-29,,충청북도 청주시청,2024-11-11,5710000,충청북도 청주시
상봉2리경로당,마을회관및경로당,충청북도 청주시 흥덕구 오송읍 상봉모시울길 21-4,충청북도 청주시 흥덕구 오송읍 상봉리 215-5,36.6397487,127.2864992,영업,,1989-05-29,,충청북도 청주시청,2024-11-11,5710000,충청북도 청주시
상삼리경로당,마을회관및경로당,충청북도 청주시 서원구 현도면 시목외천로 384-3,충청북도 청주시 서원구 현도면 상삼리 133-4,36.52269389,127.415094,영업,,2001-12-11,,충청북도 청주시청,2024-11-11,5710000,충청북도 청주시
상신,경로당,충청북도 청주시 흥덕구 상신로 90,충청북도 청주시 흥덕구 상신동 36-1,36.66640799,127.4347071,영업,,1989-05-29,,충청북도 청주시청,2024-11-11,5710000,충청북도 청주시
상야1리,마을회관및경로당,충청북도 청주시 상당구 가덕면 상야1길 406-2,충청북도 청주시 상당구 가덕면 상야리 14-3,36.5853996,127.5775347,영업,,1993-06-19,,충청북도 청주시청,2024-11-11,5710000,충청북도 청주시
상야2리,마을회관및경로당,충청북도 청주시 상당구 가덕면 상야길 24,충청북도 청주시 상당구 가덕면 상야리 331-3,36.59122945,127.5627891,영업,,1989-05-29,,충청북도 청주시청,2024-11-11,5710000,충청북도 청주시
상장1리,마을회관및경로당,충청북도 청주시 상당구 문의면 상장2길 12,충청북도 청주시 상당구 문의면 상장리 174-5,36.52085108,127.5158564,영업,,2012-01-06,126.12,충청북도 청주시청,2024-11-11,5710000,충청북도 청주시
상정1리경로당,마을회관및경로당,충청북도 청주시 흥덕구 오송읍 상정길 38,충청북도 청주시 흥덕구 오송읍 상정리 530-1,36.646496,127.3214037,영업,,1989-05-29,,충청북도 청주시청,2024-11-11,5710000,충청북도 청주시
상정2리경로당,마을회관및경로당,충청북도 청주시 흥덕구 오송읍 상정쌍청로 59-3,충청북도 청주시 흥덕구 오송읍 상정리 178-1,36.6495663,127.3350236,영업,,1993-04-02,,충청북도 청주시청,2024-11-11,5710000,충청북도 청주시
상죽말경로당,경로당,충청북도 청주시 서원구 성봉로 234-27 (개신동),충청북도 청주시 서원구 개신동 496-17,36.62597494,127.4515102,영업,,1989-05-29,,충청북도 청주시청,2024-11-11,5710000,충청북도 청주시
상평리경로당,마을회관및경로당,충청북도 청주시 청원구 오창읍 송대상평길 191-15,충청북도 청주시 청원구 오창읍 상평리 49,36.71919223,127.4516832,영업,,1994-11-23,,충청북도 청주시청,2024-11-11,5710000,충청북도 청주시
새동네경로당,경로당,충청북도 청주시 서원구 매봉로29번길 21(분평동),충청북도 청주시 서원구 분평동 1104,36.61268771,127.4764008,영업,,1997-03-14,,충청북도 청주시청,2024-11-11,5710000,충청북도 청주시
새동네경로당,마을회관및경로당,충청북도 청주시 흥덕구 청향로 23번길 10 (비하동),충청북도 청주시 흥덕구 비하동 678-3,36.63740846,127.4200307,영업,,1989-05-31,,충청북도 청주시청,2024-11-11,5710000,충청북도 청주시
새동네경로당,경로당,충청북도 청주시 청원구 사뜸로5번길 87,충청북도 청주시 청원구 내덕동 620-6,36.66092944,127.4801722,영업,,2003-03-12,,충청북도 청주시청,2024-11-11,5710000,충청북도 청주시
새로나경로당,경로당,충청북도 청주시 흥덕구 봉명로 233번길 14,충청북도 청주시 흥덕구 봉명동 1030,36.64083306,127.4675999,영업,,2003-09-04,,충청북도 청주시청,2024-11-11,5710000,충청북도 청주시
새싹경로당,경로당,충청북도 청주시 청원구 향군로74번길 26,충청북도 청주시 청원구 우암동 353-2,36.65218946,127.4853207,영업,,1994-05-24,,충청북도 청주시청,2024-11-11,5710000,충청북도 청주시
새터경로당,경로당,충청북도 청주시 청원구 안덕벌로 57번길 8,충청북도 청주시 청원구 내덕동 115-120,36.65853791,127.4947134,영업,,1983-03-30,,충청북도 청주시청,2024-11-11,5710000,충청북도 청주시
새터경로당,마을회관및경로당,충청북도 청주시 청원구 2순환로438번길 1(사천동),충청북도 청주시 청원구 사천동 180-3,36.6701334,127.471907,영업,,2003-08-01,,충청북도 청주시청,2024-11-11,5710000,충청북도 청주시
새텃말경로당,경로당,충청북도 청주시 서원구 매봉로60번길 40-2,충청북도 청주시 서원구 수곡동 215-4,36.61535832,127.4803933,영업,,1997-12-09,,충청북도 청주시청,2024-11-11,5710000,충청북도 청주시
생이경로당,경로당,충청북도 청주시 상당구 수영로101번길 21-4,충청북도 청주시 상당구 영운동 181-2,36.61679335,127.4962523,영업,,2007-10-25,,충청북도 청주시청,2024-11-11,5710000,충청북도 청주시
서당1리경로당,마을회관및경로당,충청북도 청주시 청원구 북이면 서당길 39,충청북도 청주시 청원구 북이면 서당리 60-5,36.73152708,127.5546904,영업,,1989-05-29,,충청북도 청주시청,2024-11-11,5710000,충청북도 청주시
서당2리경로당,마을회관및경로당,충청북도 청주시 청원구 북이면 서당길 133-10,충청북도 청주시 청원구 북이면 서당리 384-16,36.7248559,127.5562492,영업,,1989-05-29,,충청북도 청주시청,2024-11-11,5710000,충청북도 청주시
서당경로당,마을회관및경로당,충청북도 청주시 서원구 가장로353번길 169-2,충청북도 청주시 서원구 장암동 490-1,36.58535069,127.4822797,영업,,1998-12-12,,충청북도 청주시청,2024-11-11,5710000,충청북도 청주시
서문동경로당,경로당,충청북도 청주시 상당구 남사로93번길 27-5,충청북도 청주시 상당구 서문동 180-11,36.63308445,127.4856833,영업,,1985-05-26,,충청북도 청주시청,2024-11-11,5710000,충청북도 청주시
서운동경로당,경로당,충청북도 청주시 상당구 상당로26번길 21,충청북도 청주시 상당구 서운동 33-33,36.63071765,127.492398,영업,,1992-08-21,,충청북도 청주시청,2024-11-11,5710000,충청북도 청주시
서원,경로당,충청북도 청주시 흥덕구 신율로175번길 16,충청북도 청주시 흥덕구 복대동 161,36.63314777,127.4464846,영업,,1996-12-13,,충청북도 청주시청,2024-11-11,5710000,충청북도 청주시
서원마을경로당,경로당,충청북도 청주시 상당구 다리실로249번길 67-3 (월오동),충청북도 청주시 상당구 월오동 149-1,36.62228215,127.5472444,영업,,2001-11-28,,충청북도 청주시청,2024-11-11,5710000,충청북도 청주시
서청주파크자이아파트,경로당,충청북도 청주시 흥덕구 2순환로 1106,충청북도 청주시 흥덕구 비하동 422,36.63560936,127.4201326,영업,,2021-06-01,,충청북도 청주시청,2024-11-11,5710000,충청북도 청주시
서촌1구,마을회관및경로당,충청북도 청주시 흥덕구 서촌로 59 (서촌동),충청북도 청주시 흥덕구 서촌동 506-8,36.65078733,127.3967496,영업,,1989-05-31,,충청북도 청주시청,2024-11-11,5710000,충청북도 청주시
서촌2구,마을회관및경로당,충청북도 청주시 흥덕구 신기로 83번길 7-15 (서촌동),충청북도 청주시 흥덕구 서촌동 82-5,36.65626004,127.4053474,영업,,2003-04-01,,충청북도 청주시청,2024-11-11,5710000,충청북도 청주시
서평1리경로당,마을회관및경로당,충청북도 청주시 흥덕구 오송읍 동평서평길 61,충청북도 청주시 흥덕구 오송읍 서평리 154,36.60247032,127.3187841,영업,,1989-05-29,,충청북도 청주시청,2024-11-11,5710000,충청북도 청주시
서평2리경로당,마을회관및경로당,충청북도 청주시 흥덕구 오송읍 서평2길 18-1,충청북도 청주시 흥덕구 오송읍 서평리 370-6,36.59687504,127.3070887,영업,,1989-05-29,,충청북도 청주시청,2024-11-11,5710000,충청북도 청주시
석곡1동,마을회관및경로당,충청북도 청주시 흥덕구 남석로 581 (석곡동),충청북도 청주시 흥덕구 석곡동 290-1,36.60636891,127.4236282,영업,,2005-04-25,,충청북도 청주시청,2024-11-11,5710000,충청북도 청주시
석곡6통,마을회관및경로당,충청북도 청주시 흥덕구 서부로1124번길 121-9 (석곡동),충청북도 청주시 흥덕구 석곡동 42-3,36.60748219,127.430166,영업,,2006-04-10,,충청북도 청주시청,2024-11-11,5710000,충청북도 청주시
석교동경로당,경로당,충청북도 청주시 상당구 대성로21번길 10-1,충청북도 청주시 상당구 석교동 126-156,36.62726809,127.4926667,영업,,1989-05-26,,충청북도 청주시청,2024-11-11,5710000,충청북도 청주시
석성1리경로당,마을회관및경로당,충청북도 청주시 청원구 북이면 석성길 2-20,충청북도 청주시 청원구 북이면 석성리 401-1,36.75145966,127.5138202,영업,,1989-05-29,,충청북도 청주시청,2024-11-11,5710000,충청북도 청주시
석성2리경로당,마을회관및경로당,충청북도 청주시 청원구 북이면 석성한천길 43-1,충청북도 청주시 청원구 북이면 석성리 249,36.75854732,127.5130914,영업,,2000-07-11,,충청북도 청주시청,2024-11-11,5710000,충청북도 청주시
석성3리경로당,마을회관및경로당,충청북도 청주시 청원구 북이면 남한이길 28,충청북도 청주시 청원구 북이면 석성리 472,36.75793692,127.5069722,영업,,2008-07-16,,충청북도 청주시청,2024-11-11,5710000,충청북도 청주시
석소,경로당,충청북도 청주시 흥덕구 가로수로725번길 30 (석소동),충청북도 청주시 흥덕구 석소동 79-1,36.62286105,127.3811355,영업,,2004-05-31,,충청북도 청주시청,2024-11-11,5710000,충청북도 청주시
석실리경로당,마을회관및경로당,충청북도 청주시 서원구 남이면 남석로 415-1,충청북도 청주시 서원구 남이면 석실리 237-1,36.59233388,127.4282882,영업,,1989-05-29,,충청북도 청주시청,2024-11-11,5710000,충청북도 청주시
석우리경로당,마을회관및경로당,충청북도 청주시 청원구 오창읍 석우길 19-32,충청북도 청주시 청원구 오창읍 석우리 94-2,36.71672731,127.4565498,영업,,2001-12-24,,충청북도 청주시청,2024-11-11,5710000,충청북도 청주시
석탑아파트경로당,경로당,"충청북도 청주시 상당구 탑동로1번길 70, 나동 109호(탑동, 석탑아파트)",충청북도 청주시 상당구 탑동 297-84,36.63161814,127.4951381,영업,,1989-05-31,,충청북도 청주시청,2024-11-11,5710000,충청북도 청주시
석판1리경로당,마을회관및경로당,충청북도 청주시 서원구 남이면 석판길 17,충청북도 청주시 서원구 남이면 석판리 268-4,36.59246,127.4429307,영업,,2008-12-04,,충청북도 청주시청,2024-11-11,5710000,충청북도 청주시
석화1리,마을회관및경로당,충청북도 청주시 흥덕구 강내면 강내석화1길 16,충청북도 청주시 흥덕구 강내면 석화리 146-9,36.62990525,127.3600334,영업,,2014-10-24,,충청북도 청주시청,2024-11-11,5710000,충청북도 청주시
석화2리,마을회관및경로당,충청북도 청주시 흥덕구 강내면 강내석화길 21-1,충청북도 청주시 흥덕구 강내면 석화리 178-2,36.63057058,127.3617198,영업,,1989-05-29,,충청북도 청주시청,2024-11-11,5710000,충청북도 청주시
석화리경로당,마을회관및경로당,충청북도 청주시 청원구 북이면 북이석화길 40-18,충청북도 청주시 청원구 북이면 석화리 117,36.71794671,127.5675016,영업,,2002-09-16,,충청북도 청주시청,2024-11-11,5710000,충청북도 청주시
선광로즈웰1차아파트경로당,경로당,"충청북도 청주시 청원구 율량로 157(율량동, 선광로즈웰1차아파트)",충청북도 청주시 청원구 율량동 2080,36.66865518,127.5004511,영업,,2016-01-01,,충청북도 청주시청,2024-11-11,5710000,충청북도 청주시
선광로즈웰2차아파트경로당,마을회관및경로당,"충청북도 청주시 청원구 율량로 119(주성동, 선광로즈웰2차아파트)",충청북도 청주시 청원구 주성동 336,36.67331714,127.4995932,영업,,2015-06-10,103,충청북도 청주시청,2024-11-11,5710000,충청북도 청주시
선광로즈웰A,경로당,충청북도 청주시 흥덕구 서현중로 48,충청북도 청주시 흥덕구 가경동 1758,36.62305947,127.4291108,영업,,2008-07-23,,충청북도 청주시청,2024-11-11,5710000,충청북도 청주시
선동1리경로당,마을회관및경로당,충청북도 청주시 서원구 현도면 선동1길 60,충청북도 청주시 서원구 현도면 선동리 201-1,36.48907168,127.4277037,영업,,1993-04-29,,충청북도 청주시청,2024-11-11,5710000,충청북도 청주시
선동2리경로당,마을회관및경로당,충청북도 청주시 서원구 현도면 선동2길 104,충청북도 청주시 서원구 현도면 선동리 353-1,36.48539344,127.4386511,영업,,2005-11-07,,충청북도 청주시청,2024-11-11,5710000,충청북도 청주시
선암1리경로당,마을회관및경로당,충청북도 청주시 청원구 북이면 선암영하로 67,충청북도 청주시 청원구 북이면 선암리 182,36.73048106,127.5875003,영업,,2005-06-27,,충청북도 청주시청,2024-11-11,5710000,충청북도 청주시
선암2리경로당,마을회관및경로당,충청북도 청주시 청원구 북이면 선암길 29-4,충청북도 청주시 청원구 북이면 선암리 27-2,36.73872884,127.5928208,영업,,1996-12-16,,충청북도 청주시청,2024-11-11,5710000,충청북도 청주시
성대1리,마을회관및경로당,충청북도 청주시 상당구 미원면 성대1길 107,충청북도 청주시 상당구 미원면 성대리 505,36.6203864,127.6485875,영업,,1989-05-29,,충청북도 청주시청,2024-11-11,5710000,충청북도 청주시
성대2리,마을회관및경로당,충청북도 청주시 상당구 미원면 성대2길 139-4,충청북도 청주시 상당구 미원면 성대리 225-3,36.61704596,127.6600045,영업,,1989-05-29,,충청북도 청주시청,2024-11-11,5710000,충청북도 청주시
성대3리,마을회관및경로당,충청북도 청주시 상당구 미원면 성대3길 115,충청북도 청주시 상당구 미원면 성대리 412,36.61776048,127.6505297,영업,,2001-01-20,,충청북도 청주시청,2024-11-11,5710000,충청북도 청주시
성봉경로당,경로당,"충청북도 청주시 서원구 성봉로169번길 33-1, 1층 101호 (개신동)",충청북도 청주시 서원구 개신동 674,36.61951018,127.4496376,영업,,2019-04-30,,충청북도 청주시청,2024-11-11,5710000,충청북도 청주시
성산1리경로당,마을회관및경로당,충청북도 청주시 청원구 오창읍 성산길 4,충청북도 청주시 청원구 오창읍 성산리 102,36.73694992,127.4198266,영업,,1998-02-27,,충청북도 청주시청,2024-11-11,5710000,충청북도 청주시
성원아파트경로당,경로당,"충청북도 청주시 청원구 주성로132번길 10(율량동, 성원아파트)",충청북도 청주시 청원구 율량동 1205,36.66999166,127.4807818,영업,,1995-07-01,,충청북도 청주시청,2024-11-11,5710000,충청북도 청주시
성재1리경로당,마을회관및경로당,충청북도 청주시 청원구 오창읍 성재1길 22-1,충청북도 청주시 청원구 오창읍 성재리 77-1,36.72908099,127.3518713,영업,,2000-01-22,,충청북도 청주시청,2024-11-11,5710000,충청북도 청주시
성재2리경로당,마을회관및경로당,충청북도 청주시 청원구 오창읍 성재2길 39-3,충청북도 청주시 청원구 오창읍 성재리 383-1,36.72277877,127.3461179,영업,,2004-01-07,,충청북도 청주시청,2024-11-11,5710000,충청북도 청주시
성재3리경로당,마을회관및경로당,충청북도 청주시 청원구 오창읍 성재사정로 66,충청북도 청주시 청원구 오창읍 성재리 636-2,36.72492532,127.3209067,영업,,1999-01-11,,충청북도 청주시청,2024-11-11,5710000,충청북도 청주시
성재4리경로당,마을회관및경로당,충청북도 청주시 청원구 오창읍 성재방화동길 47,충청북도 청주시 청원구 오창읍 성재리 536-6,36.72385871,127.3312481,영업,,1992-02-21,,충청북도 청주시청,2024-11-11,5710000,충청북도 청주시
성화누리안(아)경로당,경로당,충청북도 청주시 상당구 단재로115번길 46,충청북도 청주시 상당구 영운동 112-14,36.62062434,127.500064,영업,,2010-04-01,,충청북도 청주시청,2024-11-11,5710000,충청북도 청주시
성화다안채경로당,경로당,충청북도 청주시 서원구 구룡산로52번길 51 (성화동),충청북도 청주시 서원구 성화동 1034,36.61166105,127.4507577,영업,,2013-08-16,,충청북도 청주시청,2024-11-11,5710000,충청북도 청주시
성화주공1단지경로당,경로당,"충청북도 청주시 서원구 성봉로 88, 관리동 경로당 (성화동)",충청북도 청주시 서원구 성화동 634,36.61377467,127.4539354,영업,,2007-01-15,,충청북도 청주시청,2024-11-11,5710000,충청북도 청주시
성화주공2단지경로당,경로당,충청북도 청주시 서원구 장전로 80 (성화동),충청북도 청주시 서원구 성화동 619,36.6161961,127.4584564,영업,,2007-10-04,,충청북도 청주시청,2024-11-11,5710000,충청북도 청주시
성화휴먼시아4단지아파트경로당,경로당,충청북도 청주시 서원구 장전로 11 (성화동),충청북도 청주시 서원구 성화동 708,36.61770267,127.4510992,영업,,2011-01-04,,충청북도 청주시청,2024-11-11,5710000,충청북도 청주시
성화휴먼시아5단지아파트경로당,경로당,충청북도 청주시 서원구 성봉로 93 (성화동),충청북도 청주시 서원구 성화동 897,36.61418657,127.4516601,영업,,2011-05-02,,충청북도 청주시청,2024-11-11,5710000,충청북도 청주시
세교1리경로당,마을회관및경로당,충청북도 청주시 청원구 내수읍 세교1길 332-4,충청북도 청주시 청원구 내수읍 세교리 201-4,36.71484901,127.5634803,영업,,1989-05-29,,충청북도 청주시청,2024-11-11,5710000,충청북도 청주시
세교2리경로당,마을회관및경로당,충청북도 청주시 청원구 내수읍 세교2길 28-3,충청북도 청주시 청원구 내수읍 세교리 68-5,36.70816459,127.5669636,영업,,1993-04-30,,충청북도 청주시청,2024-11-11,5710000,충청북도 청주시
세영첼시빌A경로당,경로당,충청북도 청주시 상당구 수영로 327,충청북도 청주시 상당구 용담동 421,36.63313869,127.5093138,영업,,2005-04-14,,충청북도 청주시청,2024-11-11,5710000,충청북도 청주시
세원2차A,경로당,충청북도 청주시 흥덕구 풍산로89번길 31,충청북도 청주시 흥덕구 가경동 1190,36.63004364,127.4379425,영업,,1993-01-05,,충청북도 청주시청,2024-11-11,5710000,충청북도 청주시
상동경로당,경로당,전북특별자치도 임실군 임실읍 중동로 50-1,전북특별자치도 임실군 임실읍 이도리 327-2,35.61277961,127.2832878,영업,,2003-09-04,89.32,전북특별자치도 임실군청 주민복지과,2024-12-10,4761000,전북특별자치도 임실군
세원2차아파트경로당,경로당,충청북도 청주시 서원구 수영로24번길 5,충청북도 청주시 서원구 수곡동 60-1,36.61509341,127.4893779,영업,,1989-12-08,,충청북도 청주시청,2024-11-11,5710000,충청북도 청주시
세원A,경로당,"충청북도 청주시 흥덕구 장구봉로101번길 45 (복대동, 세원A)",충청북도 청주시 흥덕구 복대동 2009,36.62631622,127.4427874,영업,,1992-11-18,,충청북도 청주시청,2024-11-11,5710000,충청북도 청주시
세원가경골아파트,경로당,충청북도 청주시 흥덕구 가경로 134,충청북도 청주시 흥덕구 가경동 1510,36.62770526,127.43827,영업,,1998-01-23,,충청북도 청주시청,2024-11-11,5710000,충청북도 청주시
세원느티마을,경로당,충청북도 청주시 흥덕구 진재로 69,충청북도 청주시 흥덕구 복대동 2461,36.63741334,127.4295793,영업,,2001-04-03,,충청북도 청주시청,2024-11-11,5710000,충청북도 청주시
세원아파트경로당,경로당,"충청북도 청주시 상당구 무농정로 90 (용암동, 세원@)",충청북도 청주시 상당구 용암동 2064,36.60938464,127.5111262,영업,,1995-09-01,,충청북도 청주시청,2024-11-11,5710000,충청북도 청주시
세원아파트경로당,경로당,충청북도 청주시 흥덕구 사운로 267 (운천동),충청북도 청주시 흥덕구 운천동 677-4,36.65061536,127.4723454,영업,,1989-05-29,,충청북도 청주시청,2024-11-11,5710000,충청북도 청주시
세원임대아파트경로당,경로당,"충청북도 청주시 청원구 상당로244번길 6, 2동 106호",충청북도 청주시 청원구 우암동 111-13,36.64997823,127.4899559,영업,,1999-11-05,,충청북도 청주시청,2024-11-11,5710000,충청북도 청주시
세원청실아파트경로당,경로당,"충청북도 청주시 서원구 수곡로 46 (수곡2동,세원청실아파트)",충청북도 청주시 서원구 수곡동 1001,36.61625601,127.4738929,영업,,1996-01-03,,충청북도 청주시청,2024-11-11,5710000,충청북도 청주시
세원테마빌,경로당,충청북도 청주시 흥덕구 짐대로 14,충청북도 청주시 흥덕구 복대동 2607,36.63484715,127.4249416,영업,,2002-07-31,,충청북도 청주시청,2024-11-11,5710000,충청북도 청주시
센트럴자이경로당,경로당,"충청북도 청주시 상당구 단재로 316 (방서동, 청주센트럴자이@)",충청북도 청주시 상당구 방서동 654,36.60026543,127.5011932,영업,,2019-03-07,,충청북도 청주시청,2024-11-11,5710000,충청북도 청주시
센트럴힐데스하임,경로당,충청북도 청주시 상당구 용담로 50,충청북도 청주시 상당구 탑동 390,36.62984818,127.4961331,영업,,2023-12-27,,충청북도 청주시청,2024-11-11,5710000,충청북도 청주시
소라아파트경로당,경로당,"충청북도 청주시 상당구 원봉로 21 (용암동, 소라@)",충청북도 청주시 상당구 용암동 2082,36.61212205,127.5097259,영업,,1995-08-14,,충청북도 청주시청,2024-11-11,5710000,충청북도 청주시
소로1리,경로당,충청북도 청주시 흥덕구 옥산면 소로1길 48-7,충청북도 청주시 흥덕구 옥산면 소로리 301-4,36.68599109,127.4041994,영업,,1989-05-29,,충청북도 청주시청,2024-11-11,5710000,충청북도 청주시
소로1리 마을회관,마을회관,충청북도 청주시 흥덕구 옥산면 소로1길 48-7,충청북도 청주시 흥덕구 옥산면 소로리 301-4,36.68599109,127.4041994,영업,,1989-05-29,,충청북도 청주시청,2024-11-11,5710000,충청북도 청주시
소로2리,마을회관및경로당,충청북도 청주시 흥덕구 옥산면 소로2길 129-18,충청북도 청주시 흥덕구 옥산면 소로리 65-1,36.69439123,127.4009345,영업,,1997-04-04,,충청북도 청주시청,2024-11-11,5710000,충청북도 청주시
소전1리,마을회관및경로당,충청북도 청주시 상당구 문의면 염티소전로 727-1,충청북도 청주시 상당구 문의면 소전리 42-2,36.45642036,127.5486937,영업,,1989-05-29,148.5,충청북도 청주시청,2024-11-11,5710000,충청북도 청주시
소전2리,마을회관및경로당,충청북도 청주시 상당구 문의면 소전길 10-1,충청북도 청주시 상당구 문의면 소전리 409-1,36.45581294,127.5268817,영업,043-222-8558,1989-05-29,77.26,충청북도 청주시청,2024-11-11,5710000,충청북도 청주시
효성아파트경로당,경로당,"충청북도 청주시 청원구 율봉로212번길 17(율량동, 효성아파트)",충청북도 청주시 청원구 율량동 1052,36.66736673,127.4924381,영업,,1993-01-01,,충청북도 청주시청,2024-11-11,5710000,충청북도 청주시
효촌1리,경로당,충청북도 청주시 상당구 남일면 효촌송암길 18-6,충청북도 청주시 상당구 남일면 효촌리 250-4,36.58972265,127.5087431,영업,,1989-05-29,,충청북도 청주시청,2024-11-11,5710000,충청북도 청주시
효촌2리,경로당,충청북도 청주시 상당구 남일면 효촌송정2길 8-30,충청북도 청주시 상당구 남일면 효촌리 119,36.58681169,127.5066981,영업,,2002-01-05,,충청북도 청주시청,2024-11-11,5710000,충청북도 청주시
효촌3리,경로당,충청북도 청주시 상당구 남일면 효덕길 26-20,충청북도 청주시 상당구 남일면 효촌리 59-1,36.58273651,127.5125735,영업,,1997-10-30,,충청북도 청주시청,2024-11-11,5710000,충청북도 청주시
효촌3리 마을회관,마을회관,"충청북도 청주시 상당구 남일면 효덕길 26-20, 2층","충청북도 청주시 상당구 남일면 효촌리 59-1, 2층",36.58273651,127.5125735,영업,,1997-10-30,,충청북도 청주시청,2024-11-11,5710000,충청북도 청주시
효촌4리,경로당,충청북도 청주시 상당구 남일면 효촌송정3길 14,충청북도 청주시 상당구 남일면 효촌리 43-2,36.58522689,127.5098838,영업,,2007-01-04,,충청북도 청주시청,2024-11-11,5710000,충청북도 청주시
효촌5리,경로당,충청북도 청주시 상당구 남일면 효촌송암길 20-30,충청북도 청주시 상당구 남일면 효촌리 19-1,36.58962388,127.5107891,영업,,1998-07-04,,충청북도 청주시청,2024-11-11,5710000,충청북도 청주시
효촌6리,경로당,충청북도 청주시 상당구 남일면 효촌송정1길 6-6,충청북도 청주시 상당구 남일면 효촌리 202-9,36.58803382,127.5101183,영업,,2019-05-09,,충청북도 청주시청,2024-11-11,5710000,충청북도 청주시
효촌7리,경로당,충청북도 청주시 상당구 남일면 효촌송정1길 5-2,충청북도 청주시 상당구 남일면 효촌리 28-1,36.58794575,127.5106937,영업,,1998-02-11,,충청북도 청주시청,2024-11-11,5710000,충청북도 청주시
효촌8리,경로당,"충청북도 청주시 상당구 남일면 효촌송정1길 30, 101동 401호 (주원애뜰 1차)",충청북도 청주시 상당구 남일면 효촌리 35-11,36.58636793,127.5104031,영업,,2023-12-28,,충청북도 청주시청,2024-11-11,5710000,충청북도 청주시
후곡리,마을회관및경로당,충청북도 청주시 상당구 문의면 후곡길 352-2,충청북도 청주시 상당구 문의면 후곡리 101-3,36.43792085,127.5125201,영업,043-221-2450,2000-03-14,42.24,충청북도 청주시청,2024-11-11,5710000,충청북도 청주시
후기1리경로당,마을회관및경로당,충청북도 청주시 청원구 오창읍 후기길 185-19,충청북도 청주시 청원구 오창읍 후기리 210-1,36.74388418,127.3895672,영업,,1999-07-14,,충청북도 청주시청,2024-11-11,5710000,충청북도 청주시
후기2리경로당,마을회관및경로당,충청북도 청주시 청원구 오창읍 후기길 537,충청북도 청주시 청원구 오창읍 후기리 511-1,36.75781242,127.363252,영업,,2000-01-22,,충청북도 청주시청,2024-11-11,5710000,충청북도 청주시
휴암,마을회관및경로당,충청북도 청주시 흥덕구 신전로 19 (휴암동),충청북도 청주시 흥덕구 휴암동 324-1,36.61916121,127.4036722,영업,,1997-02-04,,충청북도 청주시청,2024-11-11,5710000,충청북도 청주시
자모,마을회관,충청북도 옥천군 군북면 자모2길 20-1,충청북도 옥천군 군북면 자모리 86-5,36.33002233,127.5133486,영업,,2008-01-30,,충청북도 옥천군청,2024-08-06,4430000,충청북도 옥천군
회산리 마을회관,마을회관,충청북도 단양군 단성면 회산길 3,충청북도 단양군 단성면 회산리 122-6,36.89226753,128.2938227,영업,,1995-01-01,68.7,회산리마을회,2024-08-22,4480000,충청북도 단양군
가산1리 마을회관,마을회관,충청북도 단양군 단성면 가산2길 15-1,충청북도 단양군 단성면 가산리 229-6,36.89074283,128.3060649,영업,,2001-01-01,103.52,가산1리마을회,2024-08-22,4480000,충청북도 단양군
대강면분회,마을회관,충청북도 단양군 대강면 대강로 51-8,충청북도 단양군 대강면 장림리 106-13,36.92150313,128.3547766,영업,,2016-01-01,254.1,충청북도 단양군,2024-08-22,4480000,충청북도 단양군
장림리,마을회관,충청북도 단양군 대강면 장림길 27,충청북도 단양군 대강면 장림리 147-1,36.92281547,128.3523179,영업,,2015-01-01,210.83,충청북도 단양군,2024-08-22,4480000,충청북도 단양군
당동리,마을회관,충청북도 단양군 대강면 당동3길 5,충청북도 단양군 대강면 당동리 155-3,36.92158129,128.3637323,영업,,1979-01-01,104.58,당동리마을회,2024-08-22,4480000,충청북도 단양군
용부원1리,마을회관,충청북도 단양군 대강면 용부원길 101,충청북도 단양군 대강면 용부원리 510,36.91312855,128.3821424,영업,,2015-01-01,115.5,용부원1리마을회,2024-08-22,4480000,충청북도 단양군
용부원2리,마을회관,충청북도 단양군 대강면 용부원8길 58-2,충청북도 단양군 대강면 용부원리 66,36.90553293,128.4209287,영업,,2002-01-01,90.9,용부원2리마을회,2024-08-22,4480000,충청북도 단양군
두음리 문화마을,마을회관,충청북도 단양군 대강면 두음3길 3,충청북도 단양군 대강면 두음리 590-13,36.91310537,128.3529376,영업,,1997-01-01,505.64,충청북도 단양군,2024-08-22,4480000,충청북도 단양군
괴평리 마을회관,마을회관,충청북도 단양군 대강면 괴평1길 7,충청북도 단양군 대강면 괴평리 214-2,36.90378383,128.348943,영업,,2020-01-01,99.5,괴평리마을회,2024-08-22,4480000,충청북도 단양군
사인암리 마을회관,마을회관,충청북도 단양군 대강면 사인암로 375-7,충청북도 단양군 대강면 사인암리 9-11,36.89178928,128.3413018,영업,,2019-01-01,115.78,충청북도 단양군,2024-08-22,4480000,충청북도 단양군
직티리 다목적회관,마을회관및경로당,충청북도 단양군 대강면 직티1길 57,충청북도 단양군 대강면 직티리 136-2,36.88866867,128.3400383,영업,,2022-01-01,96.72,직티리마을회,2024-08-22,4480000,충청북도 단양군
황정리 마을회관,마을회관,충청북도 단양군 대강면 황정2길 3,충청북도 단양군 대강면 황정리 180-20,36.8814242,128.3566574,영업,,2002-01-01,101.71,황정리마을회,2024-08-22,4480000,충청북도 단양군
미노리 마을회관,마을회관,충청북도 단양군 대강면 미노길 3,충청북도 단양군 대강면 미노리 390,36.87238231,128.3682925,영업,,2017-01-01,93.6,미노리마을회,2024-08-22,4480000,충청북도 단양군
무수천리 마을회관,마을회관,충청북도 단양군 대강면 신구무수천길 115,충청북도 단양군 대강면 무수천리 92-2,36.83659731,128.3975516,영업,,2008-01-01,100.8,무수천리마을회,2024-08-22,4480000,충청북도 단양군
올산리 다목적회관,마을회관및경로당,충청북도 단양군 대강면 도효자로 2735,충청북도 단양군 대강면 올산리 334-7,36.83456093,128.3717266,영업,,2022-01-01,187.72,올산리마을회,2024-08-22,4480000,충청북도 단양군
사평1리 마을회관,마을회관,충청북도 단양군 가곡면 사평3길 9-1,충청북도 단양군 가곡면 사평리 482-14,37.02635383,128.3851314,영업,,2016-01-01,127.47,충청북도 단양군,2024-08-22,4480000,충청북도 단양군
사평3리 마을회관,마을회관,충청북도 단양군 가곡면 여울목2길 17,충청북도 단양군 가곡면 사평리 363-3,37.03255572,128.393686,영업,,2005-01-01,139.77,사평3리마을회,2024-08-22,4480000,충청북도 단양군
사평4리 다목적회관,마을회관및경로당,충청북도 단양군 가곡면 두산길 184,충청북도 단양군 가곡면 사평리 234-1,36.99882149,128.3981846,영업,,2020-01-01,106.82,사평4리마을회,2024-08-22,4480000,충청북도 단양군
가대1리 마을회관,마을회관,충청북도 단양군 가곡면 가대2길 6,충청북도 단양군 가곡면 가대리 1136,37.04235728,128.409001,영업,,2001-01-01,190.15,가대1리마을회,2024-08-22,4480000,충청북도 단양군
마을회관,마을회관,충청북도 단양군 가곡면 가대궁골1길 22,충청북도 단양군 가곡면 가대리 755-1,37.04882335,128.3903814,영업,,2009-01-01,99.27,가대2리마을회,2024-08-22,4480000,충청북도 단양군
여천1리 마을회관,마을회관,충청북도 단양군 가곡면 여천1길 21,충청북도 단양군 가곡면 여천리 143-2,37.02327143,128.3667611,영업,,2005-01-01,110.04,여천1리마을회,2024-08-22,4480000,충청북도 단양군
덕천리 마을회관,마을회관,충청북도 단양군 가곡면 덕천1길 9,충청북도 단양군 가곡면 덕천리 90-2,37.00250793,128.3841682,영업,,1992-01-01,81.6,덕천리마을회,2024-08-22,4480000,충청북도 단양군
대대1리 마을회관,마을회관,충청북도 단양군 가곡면 새밭로 323,충청북도 단양군 가곡면 대대리 546-6,37.00418539,128.4104409,영업,,2009-01-01,102.68,대대1리마을회,2024-08-22,4480000,충청북도 단양군
대대2리 마을회관,마을회관,충청북도 단양군 가곡면 새밭로 469-15,충청북도 단양군 가곡면 대대리 315-1,36.99747412,128.4233184,영업,,2008-01-01,243.11,대대2리마을회,2024-08-22,4480000,충청북도 단양군
대대2리 행복센터,마을회관및경로당,충청북도 단양군 가곡면 대대길 22-1,충청북도 단양군 가곡면 대대리 208-4,36.99773498,128.4236401,영업,,2022-01-01,80.99,대대2리마을회,2024-08-22,4480000,충청북도 단양군
어의곡1리 마을회관,마을회관,충청북도 단양군 가곡면 의곡길 26,충청북도 단양군 가곡면 어의곡리 523-13,36.99202501,128.4281343,영업,,2010-01-01,109.86,어의곡1리마을회,2024-08-22,4480000,충청북도 단양군
어의곡2리 마을회관,마을회관,충청북도 단양군 가곡면 한드미길 33,충청북도 단양군 가곡면 어의곡리 301-2,36.99055701,128.4392851,영업,,1978-01-01,78,어의곡2리마을회,2024-08-22,4480000,충청북도 단양군
보발1리 마을회관,마을회관,충청북도 단양군 가곡면 보발본동1길 14,충청북도 단양군 가곡면 보발리 717-3,37.02864491,128.4482266,영업,,2006-01-01,135.54,보발1리마을회,2024-08-22,4480000,충청북도 단양군
향산리 마을회관,마을회관,충청북도 단양군 가곡면 남한강로 1100,충청북도 단양군 가곡면 향산리 551-3,37.06045326,128.4212308,영업,,2001-01-01,88.86,향산리마을회,2024-08-22,4480000,충청북도 단양군
상1리 마을회관,마을회관,충청북도 단양군 영춘면 온달평강로 86,충청북도 단양군 영춘면 상리 418-3,37.08113704,128.4841064,영업,,2003-01-01,196.02,상1리마을회,2024-08-22,4480000,충청북도 단양군
상2리 마을회관,마을회관,충청북도 단양군 영춘면 북벽2길 19,충청북도 단양군 영춘면 상리 66-3,37.08661395,128.4937711,영업,,2003-01-01,291.8,상2리마을회,2024-08-22,4480000,충청북도 단양군
도전3리 마을회관,마을회관,충청북도 단양군 단양읍 도전9나길 11,충청북도 단양군 단양읍 도전리 678,36.97733932,128.365408,영업,,2009-01-01,159.58,충청북도 단양군,2024-08-22,4480000,충청북도 단양군
상진2리 마을회관,마을회관및경로당,충청북도 단양군 단양읍 상진8길 7,충청북도 단양군 단양읍 상진리 586,36.97980407,128.3538347,영업,,2002-01-01,95.53,상진2리마을회,2024-08-22,4480000,충청북도 단양군
상진3리 마을회관,마을회관및경로당,충청북도 단양군 단양읍 상진2로 8-1,충청북도 단양군 단양읍 상진리 765,36.97796159,128.3568406,영업,,1996-01-01,107.28,상진3리마을회,2024-08-22,4480000,충청북도 단양군
상진4리 마을회관,마을회관,충청북도 단양군 단양읍 상진17길 18-1,충청북도 단양군 단양읍 상진리 947,36.97645226,128.3604572,영업,,2003-01-01,112.88,상진4리마을회,2024-08-22,4480000,충청북도 단양군
상진5리(두진아파트) 마을회관,마을회관,"충청북도 단양군 단양읍 상진2로 17, 관리동 1층",충청북도 단양군 단양읍 상진리 50,36.97834443,128.3584238,영업,,1994-01-01,109.3,충청북도 단양군,2024-08-22,4480000,충청북도 단양군
마조리 마을회관,마을회관및경로당,충청북도 단양군 단양읍 마조로 237,충청북도 단양군 단양읍 마조리 169-1,36.94491914,128.3914534,영업,,2002-01-01,91.22,마조리마을회,2024-08-22,4480000,충청북도 단양군
수촌리 다목적회관,마을회관및경로당,충청북도 단양군 단양읍 수촌길 187,충청북도 단양군 단양읍 수촌리 73-1,36.96050497,128.4106271,영업,,2017-01-01,103.95,수촌리마을회,2024-08-22,4480000,충청북도 단양군
천동리 마을회관,마을회관및경로당,충청북도 단양군 단양읍 천동3길 18,충청북도 단양군 단양읍 천동리 220,36.97071642,128.4209526,영업,,2003-01-01,80.04,천동리마을회,2024-08-22,4480000,충청북도 단양군
고수리 다목적회관,마을회관및경로당,충청북도 단양군 단양읍 고수동굴1길 7,충청북도 단양군 단양읍 고수리 127-5,36.98877175,128.382469,영업,,2021-01-01,56.95,고수리마을회,2024-08-22,4480000,충청북도 단양군
응실리 마을회관,마을회관,충청북도 단양군 매포읍 응실길 99,충청북도 단양군 매포읍 응실리 252-2,37.00013669,128.3165159,영업,,1988-01-01,98,응실리마을회,2024-08-22,4480000,충청북도 단양군
평동1리 마을회관,마을회관,충청북도 단양군 매포읍 평동21길 18,충청북도 단양군 매포읍 평동리 657-5,37.03442195,128.2958373,영업,,2001-01-01,98.61,평동1리마을회,2024-08-22,4480000,충청북도 단양군
평동2리 마을회관,마을회관,충청북도 단양군 매포읍 평동4길 24-4,충청북도 단양군 매포읍 평동리 363,37.03129797,128.3028948,영업,,2006-01-01,71.23,개발위원회,2024-08-22,4480000,충청북도 단양군
평동3리 마을회관,마을회관,충청북도 단양군 매포읍 평동20길17-5,충청북도 단양군 매포읍 평동리 1074,37.03631225,128.2986494,영업,,1994-01-01,101.88,충청북도 단양군,2024-08-22,4480000,충청북도 단양군
평동4리 마을회관,마을회관,충청북도 단양군 매포읍 단양로 1940,충청북도 단양군 매포읍 평동리 269-1,37.03500193,128.3022643,영업,,1978-01-01,79.2,평동4리마을회,2024-08-22,4480000,충청북도 단양군
평동5리 마을회관,마을회관,충청북도 단양군 매포읍 평동1길20,충청북도 단양군 매포읍 평동리 139-2,37.02959151,128.3072393,영업,,2006-01-01,106.2,평동5리마을회,2024-08-22,4480000,충청북도 단양군
평동7리 마을회관,마을회관,충청북도 단양군 매포읍 평동16길5,충청북도 단양군 매포읍 평동리 1257,37.0326478,128.3009715,영업,,1996-01-01,120,충청북도 단양군,2024-08-22,4480000,충청북도 단양군
평동8리 마을회관,마을회관,충청북도 단양군 매포읍 평동33길6,충청북도 단양군 매포읍 평동리 952,37.03355209,128.2959959,영업,,1996-01-01,120.72,충청북도 단양군,2024-08-22,4480000,충청북도 단양군
도곡리 마을회관,마을회관,충청북도 단양군 매포읍 도곡2길 13,충청북도 단양군 매포읍 도곡리 178-1,37.04374706,128.2738182,영업,,1994-01-01,190,도곡리마을회,2024-08-22,4480000,충청북도 단양군
상시리 다목적회관,마을회관및경로당,충청북도 단양군 매포읍 상시3길3,충청북도 단양군 매포읍 상시리 213-1,37.05933982,128.2984624,영업,,2009-01-01,160.3,상시리마을회,2024-08-22,4480000,충청북도 단양군
영천리 마을회관,마을회관,충청북도 단양군 매포읍 영천길 47,충청북도 단양군 매포읍 영천리 194-1,37.06963206,128.2989542,영업,,1992-01-01,128.9,영천리마을회,2024-08-22,4480000,충청북도 단양군
가평1리 마을회관,마을회관,충청북도 단양군 매포읍 가평길 84,충청북도 단양군 매포읍 가평리 277-1,37.07320918,128.2797159,영업,,1994-01-01,165.28,가평1리마을회,2024-08-22,4480000,충청북도 단양군
북상리 마을회관,마을회관,충청북도 단양군 단성면 북상하리길 35-3,충청북도 단양군 단성면 북상리 79,36.92538262,128.3411187,영업,,1993-01-01,86.48,북상리마을회,2024-08-22,4480000,충청북도 단양군
북하리 마을회관,마을회관,충청북도 단양군 단성면 북하1길 16,충청북도 단양군 단성면 북하리 69,36.9285912,128.3357508,영업,,2004-01-01,227.19,북하리마을회,2024-08-22,4480000,충청북도 단양군
상방리 마을회관,마을회관,충청북도 단양군 단성면 상방3길 27,충청북도 단양군 단성면 상방리 107-1,36.93597682,128.324261,영업,,2020-01-01,138.16,충청북도 단양군,2024-08-22,4480000,충청북도 단양군
중방리 마을회관,마을회관,충청북도 단양군 단성면 월악중방길 80,충청북도 단양군 단성면 중방리 395,36.93666775,128.3122294,영업,,2014-01-01,229.84,충청북도 단양군,2024-08-22,4480000,충청북도 단양군
두항리 다목적회관,마을회관및경로당,충청북도 단양군 단성면 두항1길 66,충청북도 단양군 단성면 두항리 151-5,36.92159193,128.242665,영업,,2003-01-01,111.2,두항리마을회,2024-08-22,4480000,충청북도 단양군
고평리 마을회관,마을회관,충청북도 단양군 단성면 고평1길 88,충청북도 단양군 단성면 고평리 147-1,36.91561704,128.2507472,영업,,2001-01-01,90.58,고평리마을회,2024-08-22,4480000,충청북도 단양군
사가정센트럴아이파크APT경로당,경로당,서울특별시 중랑구 동일로92길 40,서울특별시 중랑구 면목동 164-10,37.58189295,127.0803759,영업,,2021-12-07,,서울특별시 중랑구청,2024-08-01,3060000,서울특별시 중랑구
옥수리경로당,마을회관및경로당,충청북도 청주시 청원구 북이면 옥수길 38,충청북도 청주시 청원구 북이면 옥수리 191-1,36.76624634,127.5639106,영업,,1997-01-20,,충청북도 청주시청,2024-11-11,5710000,충청북도 청주시
옥화리,마을회관및경로당,충청북도 청주시 상당구 미원면 옥화길 4,충청북도 청주시 상당구 미원면 옥화리 109-1,36.61473712,127.6992936,영업,,1993-03-06,,충청북도 청주시청,2024-11-11,5710000,충청북도 청주시
왕대,경로당,"충청북도 청주시 흥덕구 월명로23번길 9-8, 1층",충청북도 청주시 흥덕구 복대동 835,36.63638178,127.4525898,영업,,1997-12-11,,충청북도 청주시청,2024-11-11,5710000,충청북도 청주시
오산12리,경로당,충청북도 청주시 흥덕구 옥산면 오송가락로 752 (금정2차A 관리동),충청북도 청주시 흥덕구 옥산면 오산리 589-5,36.65938982,127.3688079,영업,,1998-10-21,,충청북도 청주시청,2024-11-11,5710000,충청북도 청주시
오산13리,경로당,충청북도 청주시 흥덕구 옥산면 오송가락로 718 (아트빌A 관리동),충청북도 청주시 흥덕구 옥산면 오산리 591-1,36.65697591,127.3692025,영업,,2000-02-23,,충청북도 청주시청,2024-11-11,5710000,충청북도 청주시
오산1리,마을회관및경로당,충청북도 청주시 흥덕구 옥산면 옥산시내1길 27,충청북도 청주시 흥덕구 옥산면 오산리 535-2,36.6637589,127.3742225,영업,,2008-04-30,,충청북도 청주시청,2024-11-11,5710000,충청북도 청주시
오산2리,마을회관및경로당,충청북도 청주시 흥덕구 옥산면 청주역로 712,충청북도 청주시 흥덕구 옥산면 오산리 163-5,36.66708593,127.3680712,영업,,1989-05-29,,충청북도 청주시청,2024-11-11,5710000,충청북도 청주시
오산3리,마을회관및경로당,충청북도 청주시 흥덕구 옥산면 옥산시내2길 17-2,충청북도 청주시 흥덕구 옥산면 오산리 211-1,36.66492302,127.3738936,영업,,1989-05-29,,충청북도 청주시청,2024-11-11,5710000,충청북도 청주시
오산4리,경로당,충청북도 청주시 흥덕구 옥산면 청주역로 703 (삼영A),충청북도 청주시 흥덕구 옥산면 오산리 159-2,36.66644996,127.3688987,영업,,2009-12-29,,충청북도 청주시청,2024-11-11,5710000,충청북도 청주시
오산5리,마을회관및경로당,충청북도 청주시 흥덕구 옥산면 오산5길 28,충청북도 청주시 흥덕구 옥산면 오산리 257-5,36.66450185,127.3687417,영업,,1996-01-26,,충청북도 청주시청,2024-11-11,5710000,충청북도 청주시
오산6리,경로당,충청북도 청주시 흥덕구 옥산면 옥산시내1길 3-6 (대신A 관리동),충청북도 청주시 흥덕구 옥산면 오산리 384-17,36.66315141,127.3720492,영업,,1995-10-31,,충청북도 청주시청,2024-11-11,5710000,충청북도 청주시
오산9리,경로당,충청북도 청주시 흥덕구 옥산면 청주역로 705 (한울1차A 관리동),충청북도 청주시 흥덕구 옥산면 오산리 160-1,36.66682486,127.3684831,영업,,1993-08-04,,충청북도 청주시청,2024-11-11,5710000,충청북도 청주시
오송1리경로당,마을회관및경로당,충청북도 청주시 흥덕구 오송읍 오송4길 19-8,충청북도 청주시 흥덕구 오송읍 오송리 70-1,36.61263706,127.3271279,영업,,1989-05-29,,충청북도 청주시청,2024-11-11,5710000,충청북도 청주시
오송2리경로당,마을회관및경로당,충청북도 청주시 흥덕구 오송읍 가로수로 199-38,충청북도 청주시 흥덕구 오송읍 오송리 61-3,36.61182437,127.3255302,영업,,1989-05-29,,충청북도 청주시청,2024-11-11,5710000,충청북도 청주시
오송3리경로당,마을회관및경로당,충청북도 청주시 흥덕구 오송읍 오송1길 21-42,충청북도 청주시 흥덕구 오송읍 오송리 253-8,36.6102443,127.3279339,영업,,1989-05-29,,충청북도 청주시청,2024-11-11,5710000,충청북도 청주시
오송5리 마을회관,마을회관,"충청북도 청주시 흥덕구 오송읍 오송1길 154, 2층","충청북도 청주시 흥덕구 오송읍 오송리 360-135, 2층",36.60016167,127.3323196,영업,,1990-08-01,,충청북도 청주시청,2024-11-11,5710000,충청북도 청주시
오송5리경로당,경로당,충청북도 청주시 흥덕구 오송읍 오송1길 154,충청북도 청주시 흥덕구 오송읍 오송리 360-135,36.60016167,127.3323196,영업,,1990-08-01,,충청북도 청주시청,2024-11-11,5710000,충청북도 청주시
오송6리경로당,경로당,충청북도 청주시 흥덕구 오송읍 가로수로 162 (재원A),충청북도 청주시 흥덕구 오송읍 오송리 263-3,36.6091508,127.3230732,영업,,2006-12-18,,충청북도 청주시청,2024-11-11,5710000,충청북도 청주시
오송7리경로당,마을회관및경로당,충청북도 청주시 흥덕구 오송읍 오송동평길 27-13,충청북도 청주시 흥덕구 오송읍 오송리 243-9,36.60717616,127.3230343,영업,,2015-01-19,,충청북도 청주시청,2024-11-11,5710000,충청북도 청주시
오송대원칸타빌아파트경로당,경로당,충청북도 청주시 흥덕구 오송읍 연제만수길 17,충청북도 청주시 흥덕구 오송읍 연제리 740,36.62689822,127.3266151,영업,,2013-11-06,,충청북도 청주시청,2024-11-11,5710000,충청북도 청주시
오송모아미래도아파트경로당,경로당,충청북도 청주시 흥덕구 오송읍 오송생명3로 87 (모아미래도),충청북도 청주시 흥덕구 오송읍 연제리 726,36.63071488,127.3261888,영업,,2011-07-29,,충청북도 청주시청,2024-11-11,5710000,충청북도 청주시
오송상록롯데캐슬아파트경로당,경로당,충청북도 청주시 흥덕구 오송읍 오송생명5로 202 (롯데캐슬),충청북도 청주시 흥덕구 오송읍 연제리 731,36.63047513,127.3287943,영업,,2011-08-08,,충청북도 청주시청,2024-11-11,5710000,충청북도 청주시
오송역대광로제비앙1차,경로당,충청북도 청주시 흥덕구 오송읍 오송생명8로 178 (오송역 대광로제비앙),충청북도 청주시 흥덕구 오송읍 봉산리 1510,36.61772103,127.3194219,영업,,2024-02-02,,충청북도 청주시청,2024-11-11,5710000,충청북도 청주시
오송역동아라이크텐아파트경로당,경로당,충청북도 청주시 흥덕구 오송읍 오송생명14로 215 (오송역 동아라이크텐),충청북도 청주시 흥덕구 오송읍 봉산리 1527,36.61405409,127.3096949,영업,,2020-11-25,,충청북도 청주시청,2024-11-11,5710000,충청북도 청주시
오송읍분회,경로당,충청북도 청주시 흥덕구 오송읍 오송2길 19,충청북도 청주시 흥덕구 오송읍 오송리 61-1,36.6118908,127.3256219,영업,,1997-12-29,,충청북도 청주시청,2024-11-11,5710000,충청북도 청주시
오송호반베르디움아파트경로당,경로당,충청북도 청주시 흥덕구 오송읍 오송생명3로 111 (호반베르디움),충청북도 청주시 흥덕구 오송읍 연제리 736,36.62722129,127.3250288,영업,,2011-06-21,,충청북도 청주시청,2024-11-11,5710000,충청북도 청주시
오송힐데스하임아파트경로당,경로당,충청북도 청주시 흥덕구 오송읍 오송생명1로 152 (오송힐데스하임A),충청북도 청주시 흥덕구 오송읍 연제리 700,36.63275007,127.3213226,영업,,2012-12-20,,충청북도 청주시청,2024-11-11,5710000,충청북도 청주시
오창2지구대원칸타빌아파트경로당,경로당,"충청북도 청주시 청원구 오창읍 2산단4로 55, 관리동",충청북도 청주시 청원구 오창읍 창리 160,36.73811476,127.4498515,영업,,2019-04-16,,충청북도 청주시청,2024-11-11,5710000,충청북도 청주시
오창경로당,경로당,충청북도 청주시 청원구 오창읍 공항로 1026-6,충청북도 청주시 청원구 오창읍 창리 48,36.74020051,127.453688,영업,,1989-05-29,,충청북도 청주시청,2024-11-11,5710000,충청북도 청주시
오창대성베르힐아파트경로당,경로당,"충청북도 청주시 청원구 오창읍 2산단로 160, 관리동",충청북도 청주시 청원구 오창읍 주성리 556,36.73426364,127.4522352,영업,,2019-08-30,,충청북도 청주시청,2024-11-11,5710000,충청북도 청주시
오창롯데캐슬아파트경로당,경로당,충청북도 청주시 청원구 오창읍 중부로 760,충청북도 청주시 청원구 오창읍 양청리 810-2,36.7115571,127.4370936,영업,,2019-10-11,,충청북도 청주시청,2024-11-11,5710000,충청북도 청주시
옥산면분회,경로당,충청북도 청주시 흥덕구 옥산면 옥산시내1길 27,충청북도 청주시 흥덕구 옥산면 오산리 535-2,36.6637589,127.3742225,영업,,2009-04-17,,충청북도 청주시청,2024-11-11,5710000,충청북도 청주시
양촌1리경로당,마을회관및경로당,충청북도 청주시 서원구 남이면 양촌1길 15,충청북도 청주시 서원구 남이면 양촌리 121,36.58596659,127.4671952,영업,,1999-02-24,,충청북도 청주시청,2024-11-11,5710000,충청북도 청주시
양촌2리경로당,마을회관및경로당,충청북도 청주시 서원구 남이면 양촌2길 46-6,충청북도 청주시 서원구 남이면 양촌리 291-7,36.5924245,127.4649333,영업,,2017-08-04,,충청북도 청주시청,2024-11-11,5710000,충청북도 청주시
양촌3리경로당,마을회관및경로당,충청북도 청주시 서원구 남이면 양촌3길 66,충청북도 청주시 서원구 남이면 양촌리 94-1,36.58758623,127.4714211,영업,,1999-12-21,,충청북도 청주시청,2024-11-11,5710000,충청북도 청주시
양촌4리경로당,마을회관및경로당,충청북도 청주시 서원구 남이면 양촌4길 43-8,충청북도 청주시 서원구 남이면 양촌리 53-17,36.59115307,127.4731584,영업,,2023-04-13,,충청북도 청주시청,2024-11-11,5710000,충청북도 청주시
어암1리,마을회관및경로당,충청북도 청주시 상당구 미원면 어암1길 81,충청북도 청주시 상당구 미원면 어암리 267-2,36.62061291,127.7390167,영업,,1997-12-10,,충청북도 청주시청,2024-11-11,5710000,충청북도 청주시
어암2리방마루,마을회관및경로당,충청북도 청주시 상당구 미원면 어암길 13-41,충청북도 청주시 상당구 미원면 어암리 215-2,36.61390837,127.7340517,영업,,2007-11-06,,충청북도 청주시청,2024-11-11,5710000,충청북도 청주시
어암2리인봉,마을회관및경로당,충청북도 청주시 상당구 미원면 어암2길 20,충청북도 청주시 상당구 미원면 어암리 33-1,36.61087441,127.7535098,영업,,1993-03-06,,충청북도 청주시청,2024-11-11,5710000,충청북도 청주시
여천1리경로당,마을회관및경로당,충청북도 청주시 청원구 오창읍 여천1길 16-5,충청북도 청주시 청원구 오창읍 여천리 488,36.77012239,127.4916934,영업,,1993-01-12,,충청북도 청주시청,2024-11-11,5710000,충청북도 청주시
여천2리경로당,마을회관및경로당,충청북도 청주시 청원구 오창읍 여천3길 60,충청북도 청주시 청원구 오창읍 여천리 389,36.77201327,127.4983638,영업,,1992-01-24,,충청북도 청주시청,2024-11-11,5710000,충청북도 청주시
연당경로당,경로당,충청북도 청주시 흥덕구 흥덕로108번길 26 (운천동),충청북도 청주시 흥덕구 운천동 950,36.64394624,127.4742872,영업,,1997-01-01,,충청북도 청주시청,2024-11-11,5710000,충청북도 청주시
연정1리,마을회관및경로당,충청북도 청주시 흥덕구 강내면 서부로 615,충청북도 청주시 흥덕구 강내면 연정리 124-3,36.58440585,127.3844749,영업,,1989-05-29,,충청북도 청주시청,2024-11-11,5710000,충청북도 청주시
연정2리,마을회관및경로당,충청북도 청주시 흥덕구 강내면 연정2길 4,충청북도 청주시 흥덕구 강내면 연정리 5,36.58555405,127.3871301,영업,,1994-03-31,,충청북도 청주시청,2024-11-11,5710000,충청북도 청주시
연제리경로당,마을회관및경로당,충청북도 청주시 흥덕구 오송읍 연제1길 37,충청북도 청주시 흥덕구 오송읍 연제리 530,36.62651754,127.3209263,영업,,1989-05-29,,충청북도 청주시청,2024-11-11,5710000,충청북도 청주시
염티리,마을회관및경로당,충청북도 청주시 상당구 문의면 회남문의로 770-6,충청북도 청주시 상당구 문의면 염티리 52,36.4736239,127.5277073,영업,,1998-09-16,,충청북도 청주시청,2024-11-11,5710000,충청북도 청주시
염티리,마을회관및경로당,충청북도 청주시 상당구 문의면 회남문의로 770-6,충청북도 청주시 상당구 문의면 염티리 52,36.4736239,127.5277073,영업,,1998-09-16,72.71,충청북도 청주시청,2024-11-11,5710000,충청북도 청주시
영동,경로당,충청북도 청주시 상당구 중앙로61번길 39-8,충청북도 청주시 상당구 영동 47-23,36.64203194,127.4861896,영업,,1989-05-29,,충청북도 청주시청,2024-11-11,5710000,충청북도 청주시
영세경로당,경로당,충청북도 청주시 상당구 단재로95번길 43,충청북도 청주시 상당구 영운동 135-24,36.62141028,127.4986925,영업,,1999-11-18,,충청북도 청주시청,2024-11-11,5710000,충청북도 청주시
영우리경로당,경로당,충청북도 청주시 상당구 수영로136번길 61,충청북도 청주시 상당구 영운동 88-2,36.61937082,127.5026446,영업,,1989-05-26,,충청북도 청주시청,2024-11-11,5710000,충청북도 청주시
영우아파트경로당,경로당,충청북도 청주시 청원구 안덕벌로69번길 39,충청북도 청주시 청원구 내덕동 141,36.66013568,127.4946721,영업,,2012-11-22,,충청북도 청주시청,2024-11-11,5710000,충청북도 청주시
영운경로당,경로당,충청북도 청주시 상당구 단재로127번길 6-9,충청북도 청주시 상당구 영운동 109-17,36.61818562,127.4989439,영업,,1989-05-26,,충청북도 청주시청,2024-11-11,5710000,충청북도 청주시
영조아름다운나날1차,경로당,충청북도 청주시 흥덕구 증안로 21,충청북도 청주시 흥덕구 복대동 2456,36.63677926,127.4256752,영업,,2015-11-12,,충청북도 청주시청,2024-11-11,5710000,충청북도 청주시
영조아름다운나날2차,경로당,충청북도 청주시 흥덕구 증안로 100,충청북도 청주시 흥덕구 복대동 3033,36.6352444,127.4333656,영업,,2006-06-19,,충청북도 청주시청,2024-11-11,5710000,충청북도 청주시
영하1리경로당,마을회관및경로당,충청북도 청주시 청원구 북이면 영하1길 14,충청북도 청주시 청원구 북이면 영하리 363,36.72688492,127.5821991,영업,,1999-07-12,,충청북도 청주시청,2024-11-11,5710000,충청북도 청주시
영하2리경로당,마을회관및경로당,충청북도 청주시 청원구 북이면 영하길 7-3,충청북도 청주시 청원구 북이면 영하리 284-3,36.71967108,127.578946,영업,,1997-12-15,,충청북도 청주시청,2024-11-11,5710000,충청북도 청주시
오동5통경로당,마을회관및경로당,충청북도 청주시 청원구 오동로 65(오동동),충청북도 청주시 청원구 오동동 281,36.68921336,127.4740262,영업,,1990-09-14,129,충청북도 청주시청,2024-11-11,5710000,충청북도 청주시
오동6통경로당,마을회관및경로당,충청북도 청주시 청원구 오동로 155(오동동),충청북도 청주시 청원구 오동동 298-3,36.68788346,127.4720374,영업,,1995-02-07,99,충청북도 청주시청,2024-11-11,5710000,충청북도 청주시
오복경로당,경로당,충청북도 청주시 서원구 안뜸로 44(분평동),충청북도 청주시 서원구 분평동 312-30,36.61192366,127.4823309,영업,,1989-05-29,,충청북도 청주시청,2024-11-11,5710000,충청북도 청주시
오산10리,경로당,충청북도 청주시 흥덕구 옥산면 오산5길 13 (한울2차A 관리동),충청북도 청주시 흥덕구 옥산면 오산리 247-1,36.66518371,127.3697673,영업,,1995-09-11,,충청북도 청주시청,2024-11-11,5710000,충청북도 청주시
오산11리,경로당,충청북도 청주시 흥덕구 옥산면 오송가락로 760 (금정1차A 관리동),충청북도 청주시 흥덕구 옥산면 오산리 589-1,36.66019768,127.3686621,영업,,2002-01-05,,충청북도 청주시청,2024-11-11,5710000,충청북도 청주시
삼정1단지(아),경로당,경기도 수원시 권선구 당진로14번길 37,경기도 수원시 권선구 당수동 730-1,37.290514,126.9427948,영업,031-416-7357,1997-04-08,64.8,경기도 수원시 권선구청,2024-11-30,3740000,경기도 수원시
신성,경로당,충청북도 청주시 흥덕구 신성로108번길 67,충청북도 청주시 흥덕구 신성동 116-2,36.65493469,127.4164423,영업,,1989-05-29,,충청북도 청주시청,2024-11-11,5710000,충청북도 청주시
신송1리,경로당,충청북도 청주시 상당구 남일면 신송1길 9-8,충청북도 청주시 상당구 남일면 신송리 174-2,36.57864678,127.489397,영업,,1992-09-23,,충청북도 청주시청,2024-11-11,5710000,충청북도 청주시
신송2리,경로당,충청북도 청주시 상당구 남일면 신송새터길 42,충청북도 청주시 상당구 남일면 신송리 618,36.57418844,127.4894991,영업,,1996-03-22,,충청북도 청주시청,2024-11-11,5710000,충청북도 청주시
신송3리,경로당,충청북도 청주시 상당구 남일면 가좌신송로 286,충청북도 청주시 상당구 남일면 신송리 506-1,36.57530548,127.4849162,영업,,1989-05-29,,충청북도 청주시청,2024-11-11,5710000,충청북도 청주시
신안리경로당,마을회관및경로당,충청북도 청주시 청원구 내수읍 내수신안길 106,충청북도 청주시 청원구 내수읍 신안리 4-13,36.72407403,127.5204225,영업,,1993-08-25,,충청북도 청주시청,2024-11-11,5710000,충청북도 청주시
신영지웰시티1차,경로당,충청북도 청주시 흥덕구 대농로 17,충청북도 청주시 흥덕구 복대동 3379,36.64273967,127.4251024,영업,,2010-11-11,,충청북도 청주시청,2024-11-11,5710000,충청북도 청주시
신영지웰홈스,경로당,충청북도 청주시 흥덕구 진재로103번길 37,충청북도 청주시 흥덕구 복대동 3377,36.64014626,127.4276835,영업,,2010-11-11,,충청북도 청주시청,2024-11-11,5710000,충청북도 청주시
신율,경로당,충청북도 청주시 흥덕구 장구봉로137번길 7-2,충청북도 청주시 흥덕구 복대동 2340,36.62510277,127.4484716,영업,,1996-12-13,,충청북도 청주시청,2024-11-11,5710000,충청북도 청주시
신전,마을회관및경로당,충청북도 청주시 흥덕구 신전로175번길 132 (신전동),충청북도 청주시 흥덕구 신전동 168-6,36.60772385,127.4027878,영업,,1989-05-29,,충청북도 청주시청,2024-11-11,5710000,충청북도 청주시
신촌,마을회관및경로당,충청북도 청주시 흥덕구 청주역로414번길 49 (신촌동),충청북도 청주시 흥덕구 신촌동 117-1,36.65287951,127.3943518,영업,,1999-11-30,,충청북도 청주시청,2024-11-11,5710000,충청북도 청주시
신촌리,마을회관및경로당,충청북도 청주시 흥덕구 옥산면 신촌길 19,충청북도 청주시 흥덕구 옥산면 신촌리 215-1,36.65076619,127.3558293,영업,,1989-05-29,,충청북도 청주시청,2024-11-11,5710000,충청북도 청주시
신평1리경로당,마을회관및경로당,충청북도 청주시 청원구 오창읍 신평길 11,충청북도 청주시 청원구 오창읍 신평리 566-4,36.69271419,127.4375945,영업,,1995-03-13,,충청북도 청주시청,2024-11-11,5710000,충청북도 청주시
신평2리경로당,마을회관및경로당,충청북도 청주시 청원구 오창읍 지게바위길 2-3,충청북도 청주시 청원구 오창읍 신평리 22-4,36.69865123,127.4477717,영업,,1990-02-20,,충청북도 청주시청,2024-11-11,5710000,충청북도 청주시
신화아파트경로당,경로당,충청북도 청주시 청원구 1순환로211번길 18,충청북도 청주시 청원구 내덕동 520-2,36.66334032,127.4886768,영업,,1991-01-24,,충청북도 청주시청,2024-11-11,5710000,충청북도 청주시
쌍수1리,경로당,충청북도 청주시 상당구 남일면 쌍수길 3,충청북도 청주시 상당구 남일면 쌍수리 317-13,36.57778297,127.5110394,영업,,1998-08-04,,충청북도 청주시청,2024-11-11,5710000,충청북도 청주시
쌍수2리,경로당,충청북도 청주시 상당구 남일면 쌍수관기길 20-1,충청북도 청주시 상당구 남일면 쌍수리 345-16,36.57588605,127.5137314,영업,,1991-03-02,,충청북도 청주시청,2024-11-11,5710000,충청북도 청주시
쌍수2리 마을회관,마을회관,"충청북도 청주시 상당구 남일면 쌍수관기길 20-1, 2층","충청북도 청주시 상당구 남일면 쌍수리 345-16, 2층",36.57588605,127.5137314,영업,,1991-03-02,,충청북도 청주시청,2024-11-11,5710000,충청북도 청주시
쌍용스윗닷홈아파트경로당,경로당,충청북도 청주시 청원구 오창읍 오창중앙로 105,충청북도 청주시 청원구 오창읍 각리 647-1,36.70745782,127.4188701,영업,,2007-02-08,,충청북도 청주시청,2024-11-11,5710000,충청북도 청주시
쌍이리귀바위,마을회관및경로당,충청북도 청주시 상당구 미원면 쌍이2길 74-15,충청북도 청주시 상당구 미원면 쌍이리 96-5,36.64909421,127.6857707,영업,,2007-06-14,,충청북도 청주시청,2024-11-11,5710000,충청북도 청주시
쌍이리오미,마을회관및경로당,충청북도 청주시 상당구 미원면 쌍이1길 9,충청북도 청주시 상당구 미원면 쌍이리 243-4,36.64741975,127.6745665,영업,,1989-05-29,,충청북도 청주시청,2024-11-11,5710000,충청북도 청주시
쌍청1리경로당,마을회관및경로당,충청북도 청주시 흥덕구 오송읍 쌍청1길 79-12,충청북도 청주시 흥덕구 오송읍 쌍청리 164-2,36.6450753,127.3412231,영업,,1989-05-29,,충청북도 청주시청,2024-11-11,5710000,충청북도 청주시
쌍청2리경로당,마을회관및경로당,충청북도 청주시 흥덕구 오송읍 쌍청1길 5-1,충청북도 청주시 흥덕구 오송읍 쌍청리 299-4,36.63828871,127.3438823,영업,,1989-05-29,,충청북도 청주시청,2024-11-11,5710000,충청북도 청주시
안덕벌경로당,경로당,충청북도 청주시 청원구 우암산로 251번길 32-2,충청북도 청주시 청원구 내덕동 24-4,36.65686959,127.4983178,영업,,1989-05-03,,충청북도 청주시청,2024-11-11,5710000,충청북도 청주시
안말경로당,경로당,충청북도 청주시 서원구 수곡로 27번길 9 (수곡2동),충청북도 청주시 서원구 수곡동 984,36.61452616,127.473857,영업,,2000-01-12,,충청북도 청주시청,2024-11-11,5710000,충청북도 청주시
야양동,마을회관및경로당,충청북도 청주시 흥덕구 부모산로43번길 21 (비하동),충청북도 청주시 흥덕구 비하동 384-2,36.63809415,127.4169465,영업,,2012-10-19,,충청북도 청주시청,2024-11-11,5710000,충청북도 청주시
양지1리경로당,마을회관및경로당,충청북도 청주시 서원구 현도면 현도양지길 53-4,충청북도 청주시 서원구 현도면 양지리 232,36.46117679,127.414032,영업,,1996-12-16,,충청북도 청주시청,2024-11-11,5710000,충청북도 청주시
양지2리경로당,마을회관및경로당,충청북도 청주시 서원구 현도면 양지보래길 10,충청북도 청주시 서원구 현도면 양지리 53-7,36.45912255,127.423855,영업,,1993-09-01,,충청북도 청주시청,2024-11-11,5710000,충청북도 청주시
양지A,경로당,충청북도 청주시 상당구 꽃산동로 40,충청북도 청주시 상당구 금천동 115-1,36.62320407,127.5075708,영업,,1992-03-09,,충청북도 청주시청,2024-11-11,5710000,충청북도 청주시
양지경로당,경로당,충청북도 청주시 상당구 산성로27번길 2 (탑동),충청북도 청주시 상당구 탑동 129-7,36.62662894,127.4989634,영업,,1989-05-31,,충청북도 청주시청,2024-11-11,5710000,충청북도 청주시
양청리경로당,경로당,충청북도 청주시 청원구 오창읍 양청택지1길 7,충청북도 청주시 청원구 오창읍 양청리 729-11,36.71672879,127.4205089,영업,,2014-06-20,,충청북도 청주시청,2024-11-11,5710000,충청북도 청주시
수곡2리,마을회관및경로당,충청북도 청주시 상당구 가덕면 수곡길 65,충청북도 청주시 상당구 가덕면 수곡리 104-2,36.55942196,127.5677252,영업,,1994-12-24,,충청북도 청주시청,2024-11-11,5710000,충청북도 청주시
수곡경로당,경로당,충청북도 청주시 서원구 서원남로19번길 41,충청북도 청주시 서원구 수곡동 84-4,36.62031289,127.4843842,영업,,1989-05-29,,충청북도 청주시청,2024-11-11,5710000,충청북도 청주시
수대리경로당,마을회관및경로당,충청북도 청주시 서원구 남이면 수대길 14-5,충청북도 청주시 서원구 남이면 수대리 142-2,36.57095834,127.450808,영업,,1997-12-22,,충청북도 청주시청,2024-11-11,5710000,충청북도 청주시
수락리,마을회관및경로당,충청북도 청주시 흥덕구 옥산면 수락길 55,충청북도 청주시 흥덕구 옥산면 수락리 352-1,36.70301371,127.3406339,영업,,1993-06-10,,충청북도 청주시청,2024-11-11,5710000,충청북도 청주시
수복정경로당,경로당,충청북도 청주시 서원구 청남로2064번길 26,충청북도 청주시 서원구 수곡동 57-2,36.61611408,127.487915,영업,,1999-04-01,,충청북도 청주시청,2024-11-11,5710000,충청북도 청주시
수산1리,마을회관및경로당,충청북도 청주시 상당구 미원면 수산길 20-8,충청북도 청주시 상당구 미원면 수산리 275-1,36.65397987,127.6461083,영업,,1997-03-10,,충청북도 청주시청,2024-11-11,5710000,충청북도 청주시
수산2리,마을회관및경로당,충청북도 청주시 상당구 미원면 수산1길 17,충청북도 청주시 상당구 미원면 수산리 130,36.66308799,127.6455625,영업,,1991-03-25,,충청북도 청주시청,2024-11-11,5710000,충청북도 청주시
수안들경로당,경로당,충청북도 청주시 흥덕구 운천로 13-8,충청북도 청주시 흥덕구 운천동 1256,36.65141936,127.4754458,영업,,2008-07-24,,충청북도 청주시청,2024-11-11,5710000,충청북도 청주시
수암,경로당,충청북도 청주시 상당구 수암로 54번길 13-1,충청북도 청주시 상당구 수동 83-19,36.6469607,127.4949958,영업,,2005-11-25,,충청북도 청주시청,2024-11-11,5710000,충청북도 청주시
수의,마을회관및경로당,충청북도 청주시 흥덕구 청정로 7 (수의동),충청북도 청주시 흥덕구 수의동 282,36.61181357,127.3875693,영업,,1989-05-31,,충청북도 청주시청,2024-11-11,5710000,충청북도 청주시
수의동강촌,마을회관및경로당,충청북도 청주시 흥덕구 강상로 46 (수의동),충청북도 청주시 흥덕구 수의동 159,36.62202537,127.3916317,영업,,1999-09-20,,충청북도 청주시청,2024-11-11,5710000,충청북도 청주시
수정A,경로당,충청북도 청주시 상당구 영운로96번길 22,충청북도 청주시 상당구 금천동 157-5,36.62385173,127.4972233,영업,,1998-09-29,,충청북도 청주시청,2024-11-11,5710000,충청북도 청주시
시동리,마을회관및경로당,충청북도 청주시 상당구 가덕면 인차시동로 288-21,충청북도 청주시 상당구 가덕면 시동리 116-3,36.57169337,127.5692703,영업,,1996-12-26,,충청북도 청주시청,2024-11-11,5710000,충청북도 청주시
시동리경로당,마을회관및경로당,충청북도 청주시 서원구 현도면 현도시동1길 3,충청북도 청주시 서원구 현도면 시동리 62,36.49109566,127.4478925,영업,,2008-11-24,,충청북도 청주시청,2024-11-11,5710000,충청북도 청주시
시목1리경로당,마을회관및경로당,충청북도 청주시 서원구 현도면 시목1길 36,충청북도 청주시 서원구 현도면 시목리 440,36.48745607,127.4106772,영업,,1993-06-24,,충청북도 청주시청,2024-11-11,5710000,충청북도 청주시
시목2리경로당,마을회관및경로당,충청북도 청주시 서원구 현도면 시목2길 39-2,충청북도 청주시 서원구 현도면 시목리 121-3,36.48734247,127.4149648,영업,,2005-11-02,,충청북도 청주시청,2024-11-11,5710000,충청북도 청주시
시목3리경로당,마을회관및경로당,충청북도 청주시 서원구 현도면 시목3길 27-1,충청북도 청주시 서원구 현도면 시목리 237-9,36.49054698,127.4139753,영업,,1993-09-01,,충청북도 청주시청,2024-11-11,5710000,충청북도 청주시
시영A경로당,경로당,충청북도 청주시 서원구 신율로 71 (개신동),충청북도 청주시 서원구 개신동 506,36.62445356,127.4466313,영업,,1991-02-19,,충청북도 청주시청,2024-11-11,5710000,충청북도 청주시
신기리경로당,마을회관및경로당,충청북도 청주시 청원구 북이면 신기길 33,충청북도 청주시 청원구 북이면 신기리 220-3,36.73323953,127.545336,영업,,1997-11-17,,충청북도 청주시청,2024-11-11,5710000,충청북도 청주시
신대1구,경로당,충청북도 청주시 흥덕구 미호로397번길 4,충청북도 청주시 흥덕구 신대동 349-1,36.67695341,127.4039717,영업,,1989-05-29,,충청북도 청주시청,2024-11-11,5710000,충청북도 청주시
신대1리경로당,마을회관및경로당,충청북도 청주시 청원구 북이면 신대길 22-10,충청북도 청주시 청원구 북이면 신대리 302-2,36.74023367,127.5401607,영업,,1996-08-01,,충청북도 청주시청,2024-11-11,5710000,충청북도 청주시
신대2구,경로당,충청북도 청주시 흥덕구 미호로327번길 51,충청북도 청주시 흥덕구 신대동 258,36.67671176,127.410966,영업,,1989-05-29,,충청북도 청주시청,2024-11-11,5710000,충청북도 청주시
신대2리경로당,마을회관및경로당,충청북도 청주시 청원구 북이면 신대2길 18,충청북도 청주시 청원구 북이면 신대리 203-4,36.73906275,127.5311965,영업,,2002-09-10,,충청북도 청주시청,2024-11-11,5710000,충청북도 청주시
신동아아파트경로당,경로당,"충청북도 청주시 청원구 율봉로 77(사천동, 신동아아파트)",충청북도 청주시 청원구 사천동 229-1,36.66643915,127.4789269,영업,,1993-05-01,,충청북도 청주시청,2024-11-11,5710000,충청북도 청주시
신라A,경로당,충청북도 청주시 흥덕구 가로수로1308번길 42,충청북도 청주시 흥덕구 가경동 768,36.6309803,127.4372466,영업,,1994-08-01,,충청북도 청주시청,2024-11-11,5710000,충청북도 청주시
신라맨션경로당,경로당,"충청북도 청주시 청원구 공항로97번길 24(율량동, 신라맨션)",충청북도 청주시 청원구 율량동 1868,36.66553656,127.4848573,영업,,1990-06-08,,충청북도 청주시청,2024-11-11,5710000,충청북도 청주시
신라송림(아)경로당,경로당,충청북도 청주시 상당구 단재로77번길 21-22,충청북도 청주시 상당구 영운동 145-11,36.62273962,127.4971003,영업,,1996-06-27,,충청북도 청주시청,2024-11-11,5710000,충청북도 청주시
신라아파트경로당,경로당,"충청북도 청주시 청원구 율봉로94번길 9, 가열210호(율량동, 신라아파트)",충청북도 청주시 청원구 율량동 1292,36.66650198,127.4803539,영업,,2015-09-10,,충청북도 청주시청,2024-11-11,5710000,충청북도 청주시
신목골경로당,마을회관및경로당,충청북도 청주시 서원구 가장로383번길 8-2,충청북도 청주시 서원구 장암동 352-4,36.59273522,127.4873772,영업,,2012-11-01,,충청북도 청주시청,2024-11-11,5710000,충청북도 청주시
신봉삼정백조아파트경로당,경로당,충청북도 청주시 흥덕구 직지대로669번길 45 (신봉동),충청북도 청주시 흥덕구 신봉동 310,36.64547903,127.4675467,영업,,1996-01-26,,충청북도 청주시청,2024-11-11,5710000,충청북도 청주시
사창동웃말경로당,경로당,충청북도 청주시 서원구 사직대로176번길 26-2,충청북도 청주시 서원구 사창동 298-12,36.63414529,127.4664847,영업,,1981-01-19,,충청북도 청주시청,2024-11-11,5710000,충청북도 청주시
사창동장수경로당,경로당,충청북도 청주시 서원구 사직대로89번길 26-9,충청북도 청주시 서원구 사창동 138-14,36.63610925,127.4579496,영업,,1982-02-17,,충청북도 청주시청,2024-11-11,5710000,충청북도 청주시
사창동중앙경로당,경로당,충청북도 청주시 서원구 봉명로240번길 43,충청북도 청주시 서원구 사창동 243-25,36.63786282,127.4682733,영업,,2000-08-05,,충청북도 청주시청,2024-11-11,5710000,충청북도 청주시
사창동창수경로당,경로당,충청북도 청주시 서원구 1순환로704번길 60,충청북도 청주시 서원구 사창동 475,36.63237396,127.4588928,영업,,1996-12-01,,충청북도 청주시청,2024-11-11,5710000,충청북도 청주시
사창동창신경로당,경로당,충청북도 청주시 서원구 창직로29번길 25,충청북도 청주시 서원구 사창동 359-18,36.63206172,127.4649344,영업,,1986-09-26,,충청북도 청주시청,2024-11-11,5710000,충청북도 청주시
사창동천수경로당,경로당,충청북도 청주시 서원구 천수로25,충청북도 청주시 서원구 사창동 182,36.6379455,127.4611925,영업,,1994-09-12,,충청북도 청주시청,2024-11-11,5710000,충청북도 청주시
사창동현대아파트경로당,경로당,충청북도 청주시 서원구 사직대로157번길 18,충청북도 청주시 서원구 사창동 227-2,36.63644914,127.4647505,영업,,1989-10-07,,충청북도 청주시청,2024-11-11,5710000,충청북도 청주시
효성아파트경로당,경로당,"충청북도 청주시 흥덕구 2순환로1050번길 39 (비하동, 효성A)",충청북도 청주시 흥덕구 비하동 369,36.64006735,127.4189256,영업,,1996-02-01,,충청북도 청주시청,2024-11-11,5710000,충청북도 청주시
