"RSTR_NM","DTL_ADRES","RN_DTL_ADRES","LO","LA","USE_PSB_NMPR","COLR_HOLD_ELEFN","COLR_HOLD_ARCDTN","CHCK_MATTER_NIGHT_OPN_AT","FCLTY_OPRN_AT"
"대성베르힐2단지경로당","3272-0","충청북도 청주시 상당구 호미로 2 (용암동, 동남지구 대성베르힐2차)",127.5173342,36.6125307,,0,,"N","Y"
"신한은행증평지점","49-0","충청북도 증평군 증평읍 중앙로 214 ",127.5823134,36.7845139,,0,,"N","Y"
"증평신협","32-0","충청북도 증평군 증평읍 중앙로 210 ",127.5819701,36.7844345,,0,,"N","Y"
"NH농협은행증평군지부","66-0","충청북도 증평군 증평읍 중앙로 236 ",127.5840005,36.7860026,,0,,"N","Y"
"신기리경로당","220-3","충청북도 청주시 청원구 북이면 신기길 33 ",127.5453043,36.7332373,,1,,"Y","Y"
"북부경로당","104-4","충청북도 청주시 상당구 수동로 84-1 (수동)",127.4930039,36.6438286,,4,,"N","Y"
"수암경로당","83-19","충청북도 청주시 상당구 수암로54번길 13-1 (수동)",127.4949995,36.6469663,,4,,"N","Y"
"청주시노인종합복지관","138-8","충청북도 청주시 상당구 대성로172번길 21 (수동)",127.492902,36.641005,,0,,"N","Y"
"신한은행충북영업부금융센터","86-3","충청북도 청주시 상당구 사직대로 343",127.4850963,36.6368617,,0,,"N","Y"
"서청주파크자이아파트경로당","422-0","충청북도 청주시 흥덕구 2순환로 1106 (비하동, 서청주파크자이)",127.4202678,36.6345439,,4,,"N","Y"
"석성2리경로당","249-0","충청북도 청주시 청원구 북이면 석성한천길 43-1 ",127.5130829,36.7585425,,1,,"Y","Y"
"신주공2단지","545-0","충청북도 증평군 증평읍 창신로 85 (증평주공3단지아파트)",127.5814145,36.7786628,,1,,"N","Y"
"양촌2리경로당","291-7","충청북도 청주시 서원구 남이면 양촌2길 46-6 ",127.4649363,36.5924351,,1,,,"Y"
"삼덕경로당","670-22","충청북도 청주시 청원구 향군로151번길 10",127.4784886,36.6572904,,3,,"N","Y"
"형동2리경로당","407-0","충청북도 청주시 청원구 내수읍 형동2길 90 ",127.5630981,36.6928207,,2,,"N","Y"
"덕암2리경로당","158-8","충청북도 청주시 청원구 내수읍 덕암2길 38 ",127.5532597,36.692055,,2,,"N","Y"
"풍정1리경로당","241-4","충청북도 청주시 청원구 내수읍 풍정길 36-5 ",127.5449234,36.700735,,2,,"N","Y"
"도원3리경로당","57-0","충청북도 청주시 청원구 내수읍 도원세교로 63 (우창진주2차아파트)",127.5405461,36.7098956,,2,,"N","Y"
"마산7리경로당","210-0","충청북도 청주시 청원구 내수읍 청암로 35 (청원내수주공아파트)",127.5342911,36.7236302,,2,,"N","Y"
"은곡3리경로당","251-22","충청북도 청주시 청원구 내수읍 은곡3길 11 ",127.5278646,36.7168965,,2,,"N","Y"
"내수1리경로당","45-54","충청북도 청주시 청원구 내수읍 내수본길 22 ",127.5349671,36.7280072,,2,,"N","Y"
"주중12통경로당","445-3","충청북도 청주시 청원구 주중로26번길 17",127.4855048,36.6865883,,2,,"N","Y"
"주중13통경로당","278-2","충청북도 청주시 청원구 주중로2번길 159-35 (주중동)",127.4904022,36.6834623,,2,,"N","Y"
"비하34통경로당","36-6 비하34통경로당","충청북도 청주시 흥덕구  비하로15번길  8-1, 비하34통경로당 (비하동)",127.4247763,36.6286939,,2,,"N","Y"
"삼일아파트경로당","236-5","충청북도 청주시 흥덕구 2순환로1136번길 28 (비하동, 삼일아파트)",127.4233362,36.6335459,,2,,"N","Y"
"청향경로당","676-7 비하청향경로당","충청북도 청주시 흥덕구  청향로15번길  22 , 비하청향경로당 (비하동)",127.4208178,36.6367929,,3,,"N","Y"
"한국건강관리협회메디체크충북세종지부","725-0","충청북도 청주시 흥덕구 직지대로 631 (봉명동)",127.4632153,36.6434284,,4,,,"Y"
"석성1리경로당","400-5","충청북도 청주시 청원구 북이면 석성길 2-20 ",127.5137776,36.7514401,,1,,"Y","Y"
"충청북도도청동관옥상","89-0","충청북도 청주시 상당구 상당로 82 (문화동)",127.492041,36.6358439,,,,,"Y"
"성동신협성화1지점","691-0","충청북도 청주시 서원구 복대로 31",127.4450761,36.6199363,,0,,"N","Y"
"성화개신죽림동행정복지센터","626 성화개신죽림동주민센터","충청북도 청주시 서원구  성봉로  128 , 성화개신죽림동주민센터 (성화동)",127.4531639,36.617026,,15,,"N","Y"
"남양휴튼A경로당","436-0","충청북도 청주시 서원구 신화로 47 (성화동)",127.4541856,36.6186277,,3,,"N","Y"
"동남LH1단지경로당","3145-0","충청북도 청주시 상당구 호미로 137 (용암동, 청주동남1단지)",127.519362,36.6215985,,2,,"N","Y"
"서운동경로당","33-33","충청북도 청주시 상당구 상당로26번길 21 (서운동)",127.4923757,36.6307371,,5,,"N","Y"
"남문로1가경로당","87-0","충청북도 청주시 상당구 상당로25번길 21-2",127.4898314,36.630023,,4,,"N","Y"
"효성2차아파트경로당","362-0","충청북도 청주시 흥덕구 2순환로1050번길 24 (비하동, 효성2차아파트)",127.4208328,36.6410549,,3,,"N","Y"
"계룡리슈빌경로당","125 비하동 계룡리슈빌 아파트 계룡리슈빌경로당","충청북도 청주시 흥덕구  가로수로1131번길  101 , 계룡리슈빌경로당 (비하동, 비하동 계룡리슈빌 아파트)",127.4213269,36.6294784,,2,,"N","Y"
"비하계룡리슈빌2차경로당","809 청주비하계룡리슈빌2차아파트 비하계룡리슈빌2차경로당","충청북도 청주시 흥덕구  비하로57번길  37 , 비하계룡리슈빌2차경로당 (비하동, 청주비하계룡리슈빌2차아파트)",127.4218915,36.6311084,,2,,"N","Y"
"보성경로당","2448-0","충청북도 청주시 흥덕구 신율로 77 (복대동, 보성아파트)",127.4461927,36.6249739,,3,,"N","Y"
"상야1리경로당","14-3","충청북도 청주시 상당구 가덕면 상야1길 406-2",127.577525,36.585403,,2,,"N","Y"
"한계1리경로당","166-1","충청북도 청주시 상당구 가덕면한계길 34",127.567088,36.597208,,2,,"N","Y"
"은곡2리경로당","170-3","충청북도 청주시 청원구 내수읍 은곡길 102 ",127.530182,36.7041585,,2,,"N","Y"
"묵방2리경로당","202-2","충청북도 청주시 청원구 내수읍 묵방2길 82 ",127.528114,36.6898225,,2,,"N","Y"
"구성3리경로당","286-30","충청북도 청주시 청원구 내수읍 구성새동네길 79-6 ",127.5113744,36.6902914,,2,,"N","Y"
"구성2리경로당","308-0","충청북도 청주시 청원구 내수읍 구성신화동길 88 ",127.514357,36.6953413,,3,,"N","Y"
"내수읍행정복지센터","149-2","충청북도 청주시 청원구 내수읍 마산3길 49 ",127.5354713,36.723957,,0,,"N","Y"
"내수읍주민자치센터","149-3","충청북도 청주시 청원구 내수읍 마산리 149-3",127.5350019,36.7235614,,4,,"N","Y"
"일진뜨리에아파트경로당","109-69","충청북도 증평군 증평읍 가장골길 16-18 ",127.5756964,36.7768382,,1,,"N","Y"
"삼일아파트여자","255-0","충청북도 증평군 증평읍 장뜰로 110 (삼일아파트)",127.5882027,36.786732,,2,,"N","Y"
"힐즈파크푸르지오아파트경로당","857","충청북도 청주시 청원구 1순환로 123 (청주힐즈파크푸르지오 경로당)",127.498457,36.661422,,2,,"N","Y"
"개신주공3차@경로당","590-0","충청북도 청주시 서원구 신율로 43",127.4449758,36.6221391,,2,,"N","Y"
"LG전자베스트샵산남점","1109-0","충청북도 청주시 서원구 산남로 3 (산남동)",127.4737725,36.612197,,0,,"N","Y"
"시티프라디움1단지경로당","3146-0","충청북도 청주시 상당구 중고개로142번길 31 (용암동, 시티프라디움 1단지)",127.5201881,36.6199969,,0,,"N","Y"
"중앙동행정복지센터","130-10","충청북도 청주시 상당구 교서로32번길 31",127.4882034,36.6398308,,0,,"N","Y"
"성안동행정복지센터","3-9","충청북도 청주시 상당구 대성로 72",127.4932408,36.6316814,,3,,"N","Y"
"수곡1리경로당","323-0","충청북도 청주시 상당구 가덕면 수곡1길 11-6",127.5657114,36.5646581,,2,,"N","Y"
"장양3리경로당","170-1","충청북도 청주시 청원구 북이면 장양3길 13 ",127.5331512,36.7512188,,3,,"Y","Y"
"시동리경로당","116-3","충청북도 청주시 상당구 가덕면 인차시동로 288-21 ",127.569302,36.5716263,,3,,"N","Y"
"인차2리경로당","13-1","충청북도 청주시 상당구 가덕면 계산은행로 15",127.5597109,36.5621027,,1,,"N","Y"
"한울아파트경로당","1144 경로당","충청북도 청주시 청원구  주성로96번길  12 , 경로당 (율량동)",127.4778337,36.6678686,,1,,"N","Y"
"현대아파트경로당","891-0","충청북도 청주시 청원구 율봉로159번길 10 (율량동, 현대아파트)",127.4863963,36.6690106,,2,,"N","Y"
"현대산업아파트경로당","1206-0","충청북도 청주시 청원구 공항로141번길 35 (율량동)",127.4834244,36.6693483,,1,,"N","Y"
"효성2차아파트경로당","1264-0","충청북도 청주시 청원구 사뜸로 62 (율량동, 율량동효성2차아파트)",127.480824,36.6679155,,2,,"N","Y"
"석우리경로당","94-1","충청북도 청주시 청원구 오창읍 석우길 19-28 ",127.4568504,36.7166062,,2,,"N","Y"
"척산2리경로당","594-4","충청북도 청주시 서원구 남이면척산길 16-5",127.434661,36.561218,,1,,,"Y"
"남이면행정복지센터","608-1","충청북도 청주시 서원구 남이면척산길 7",127.4335781,36.5606697,,0,,"N","Y"
"양지경로당","129-7 양지경로당","충청북도 청주시 상당구  산성로27번길  2 , 양지경로당 (탑동)",127.4989694,36.6266477,,3,,"N","Y"
"탑동할머니경로당","40-8 탑동할머니경로당","충청북도 청주시 상당구  탑동로61번길  4 , 탑동할머니경로당 (탑동)",127.5004006,36.6309451,,3,,"N","Y"
"삼일맨션경로당","83-12 탑동삼일맨션 삼일맨션경로당","충청북도 청주시 상당구  산성로49번길  4 , 삼일맨션경로당 (탑동, 탑동삼일맨션)",127.5004305,36.6286561,,3,,"N","Y"
"금호2차경로당","3367 금호어울림2단지 금호2차경로당","충청북도 청주시 흥덕구  대신로74번길  21 , 금호2차경로당 (복대동, 금호어울림2단지)",127.4363673,36.6410459,,1,,"N","Y"
"상리경로당","122","충청북도 청주시 청원구  상리로8번길  7-3  (율량동)",127.5122358,36.6636201,,2,,"N","Y"
"새터경로당","180-3","충청북도 청주시 청원구  2순환로438번길  1   (사천동)",127.4719056,36.6701342,,2,,"N","Y"
"선광로즈웰1차아파트경로당","2080-0","충청북도 청주시 청원구 율량로 157 (율량동, 선광로즈웰1차아파트)",127.5002579,36.6689051,,0,,"N","Y"
"서문동경로당","180-11","충청북도 청주시 상당구 남사로93번길 27-5",127.4856825,36.6330858,,1,,"N","Y"
"석교동경로당","126-156","충청북도 청주시 상당구 대성로21번길 10-1",127.4926671,36.6272683,,3,,"N","Y"
"문화동경로당","17-4","충청북도 청주시 상당구 용담로31번길 21 (문화동)",127.4937549,36.6333623,,2,,"N","Y"
"남주동경로당","593-5","충청북도 청주시 상당구 무심동로336번길 13",127.483752,36.631212,,2,,"N","Y"
"진화하이츠경로당","867-0","충청북도 청주시 청원구 율봉로 217-2 (율량동)",127.4939011,36.6688019,,1,,"N","Y"
"질구지경로당","406-1","충청북도 청주시 청원구  율봉로30번길  27-9  (사천동)",127.4753177,36.6625404,,1,,"N","Y"
"하우스토리2단지경로당","684-0","충청북도 청주시 청원구 율봉로 8 (사천동, 남광 하우스토리 B단지)",127.473696,36.6615599,,1,,"N","Y"
"우림필유2차아파트경로당","646-1","충청북도 청주시 청원구 오창읍 오창중앙로 47-16 ",127.4234247,36.7054659,,3,,"N","Y"
"유리(학구)경로당","311-0","충청북도 청주시 청원구 오창읍 두릉유리로 1372-3 ",127.4762991,36.7531379,,2,,"N","Y"
"장대2리경로당","322-8","충청북도 청주시 청원구 오창읍 장대길 8-5 ",127.4540153,36.7417235,,1,,"N","Y"
"중앙하이츠빌경로당","637-6","충청북도 청주시 청원구 오창읍 오창중앙로 12 ",127.4246907,36.7093709,,3,,"N","Y"
"오창경로당","48-0","충청북도 청주시 청원구 오창읍 공항로 1026-6 ",127.4536747,36.7402189,,2,,"N","Y"
"청주상당노인복지관","648-0","충청북도 청주시 상당구 단재로 361 (방서동)",127.5068441,36.5987117,,1,,,"Y"
"가마1리경로당","274-0","충청북도 청주시 서원구 남이면가마길 24",127.458263,36.600115,,3,,,"Y"
"가마2리경로당","54-6","충청북도 청주시 서원구 남이면가마3길 39-7",127.466975,36.594549,,1,,,"Y"
"상평리경로당","49-0","충청북도 청주시 청원구 오창읍 송대상평길 191-15 ",127.4516603,36.7191992,,3,,"N","Y"
"가곡2리경로당","405-1","충청북도 청주시 청원구 오창읍 두릉유리로 1071-10 ",127.4614182,36.7237119,,2,,"N","Y"
"미호경로당","265-7 미호경로당","충청북도 청주시 서원구  사운로99번길  23 , 미호경로당 (사직동)",127.4777005,36.6376129,,2,,"N","Y"
"장미경로당","143-12 장미경로당","충청북도 청주시 서원구  사운로172번길  7 ,  장미경로당 (사직동)",127.479592,36.644505,,2,,"N","Y"
"기암리경로당","108-7","충청북도 청주시 청원구 오창읍 탑기암길 47 ",127.4512821,36.7114416,,2,,"N","Y"
"대원칸타빌아파트경로당","637-9","충청북도 청주시 청원구 오창읍 오창중앙로 62 ",127.4224269,36.7075733,,3,,"N","Y"
"복심경로당","1101 복심경로당","충청북도 청주시 흥덕구  신율로139번길  61 , 복심경로당 (복대동)",127.4434997,36.6300279,,2,,"N","Y"
"충대앞경로당","883-9 충대앞노인정","충청북도 청주시 흥덕구  사직대로62번길  19-6, 충대앞노인정 (복대동)",127.4544582,36.6333604,,2,,"N","Y"
"중부경로당","159-6","충청북도 청주시 상당구 대성로180번길 40 (수동)",127.4939159,36.6418056,,4,,"N","Y"
"상야2리경로당","347-1","충청북도 청주시 상당구 가덕면 상야길 28-25",127.5635401,36.5914649,,3,,"N","Y"
"병암1리경로당","118-5","충청북도 청주시 상당구 가덕면 단재로 1458",127.5788833,36.5793854,,0,,"N","Y"
"영운경로당","109-17 영운경로당","충청북도 청주시 상당구  단재로127번길  6-9, 영운경로당 (영운동)",127.4989454,36.618184,,4,,"N","Y"
"복대2동행정복지센터","2010 복대2동주민센터","충청북도 청주시 흥덕구  신율로103번길  42 , 복대2동주민센터 (복대동)",127.443768,36.626143,,9,,"N","Y"
"덕일경로당","993-0","충청북도 청주시 흥덕구 복대로 149",127.4401879,36.6293812,,2,,"N","Y"
"짐대경로당","1987 짐대경로당","충청북도 청주시 흥덕구  풍산로106번길  37-1, 짐대경로당 (복대동)",127.4417733,36.6276553,,2,,"N","Y"
"장구봉경로당","2442 장구봉경로당","충청북도 청주시 흥덕구  복대로  94 , 장구봉경로당 (복대동)",127.4425054,36.6250789,,1,,"N","Y"
"삼산1경로당","186-1","충청북도 청주시 상당구 낭성면현암삼산로 304",127.5650567,36.6665574,,3,,"N","Y"
"탑대성동행정복지센터","150-3","충청북도 청주시 상당구 당산로 9 (대성동)",127.4967257,36.6332407,,1,,"N","Y"
"대성경로당","111-3 대성경로당","충청북도 청주시 상당구  당고개로  25-13, 대성경로당 (대성동)",127.4966403,36.6352646,,2,,"N","Y"
"낙가동경로당","36-2","충청북도 청주시 상당구 낙가산로 119-6",127.5339444,36.6244803,,2,,"N","Y"
"용박골경로당","254 용박골회관","충청북도 청주시 상당구  낙가산로  19-10, 용박골회관 (용암동)",127.5248858,36.6197126,,2,,"N","Y"
"이정골경로당","77-1 이정골마을회관","충청북도 청주시 상당구  이정골로  102 , 이정골마을회관 (용정동)",127.5244077,36.6349402,,2,,"N","Y"
"주공1차경로당","2108 청주 용암 주공 1/2단지 주공1차경로당","충청북도 청주시 상당구  원봉로  52 , 주공1차경로당 (용암동, 청주 용암 주공 1/2단지)",127.5092608,36.6145566,,1,,"N","Y"
"현대1차아파트경로당","3098 현대1차아파트 현대1차경로당 관리사무소","충청북도 청주시 흥덕구 복대동 대신로10번길  16-3, 관리사무소 (복대동, 현대1차아파트 현대1차경로당)",127.437968,36.633654,,2,,"N","Y"
"왕대골경로당","835-0","충청북도 청주시 흥덕구 월명로23번길 9-8",127.452575,36.636354,,1,,"N","Y"
"서청주우체국","3322 서청주우체국","충청북도 청주시 흥덕구  죽천로  109 , 서청주우체국 (복대동)",127.435296,36.6381718,,15,,"N","Y"
"삼일@경로당","2008 삼일아파트 삼일@경로당","충청북도 청주시 흥덕구  복대로118번길  16 , 삼일@경로당 (복대동, 삼일아파트)",127.4418214,36.6263484,,4,,"N","Y"
"세원@경로당","2009 세원아파트 세원@경로당","충청북도 청주시 흥덕구  장구봉로101번길  45 , 세원@경로당 (복대동, 세원아파트)",127.4427897,36.6263178,,1,,"N","Y"
"신율경로당","2340 신율경로당","충청북도 청주시 흥덕구  장구봉로137번길  7-2, 신율경로당 (복대동)",127.448471,36.6251035,,4,,"N","Y"
"서원경로당","161 서원경로당","충청북도 청주시 흥덕구  신율로175번길  16 , 서원경로당 (복대동)",127.4464827,36.633149,,2,,"N","Y"
"남촌경로당","36-1","충청북도 청주시 흥덕구  남촌로  35   (남촌동)",127.4215528,36.6592356,,2,,"N","Y"
"중신리경로당","163-5","충청북도 청주시 청원구 오창읍 중신1길 93 ",127.4336413,36.6983522,,3,,"N","Y"
"양청리경로당","729-11","충청북도 청주시 청원구 오창읍 양청택지1길 7 ",127.4205279,36.7167159,,1,,"N","Y"
"복현3리경로당","183-4","충청북도 청주시 청원구 오창읍 복현2길 19 ",127.4526286,36.7446487,,2,,"N","Y"
"오창6단지부영아파트경로당","569-0","충청북도 청주시 청원구 오창읍 2산단로 125 (충북오창사랑으로부영6단지)",127.4500322,36.7342283,,0,,"N","Y"
"은행1리경로당","311-2","충청북도 청주시 상당구 남일면교육원로 51",127.558529,36.573195,,2,,"N","Y"
"남일면다목적회관(1층식당)","33-0","충청북도 청주시 상당구 남일면 단재로 501 ",127.5099045,36.5866455,,,,"N","Y"
"효촌1리경로당","250-4","충청북도 청주시 상당구 남일면 효촌송암길 18-6",127.508726,36.589727,,2,,"N","Y"
"평화아파트경로당","238-45 평화아파트 경로당","충청북도 청주시 서원구  직지대로772번길  14 , 평화아파트 경로당 (사직동)",127.4776112,36.6435802,,2,,"N","Y"
"한계2리경로당","295-1","충청북도 청주시 상당구 가덕면 한계1길 180-10",127.5638403,36.6084781,,1,,"N","Y"
"두산위브경로당","265-5 두산위브더제니스 두산위브경로당","충청북도 청주시 서원구  사운로  93 , 두산위브경로당 (사직동, 두산위브더제니스)",127.4782697,36.6370808,,2,,"N","Y"
"형석A경로당","992-0","충청북도 청주시 흥덕구 복대로 155 (복대동)",127.438881,36.6304845,,2,,"N","Y"
"영동경로당","47-23","충청북도 청주시 상당구 중앙로61번길 39-8",127.4861904,36.6420301,,4,,"N","Y"
"남부경로당","197-4","충청북도 청주시 상당구 교동로 39 (수동)",127.4943933,36.6375421,,4,,"N","Y"
"벽서정경로당","746-5","충청북도 청주시 청원구 1순환로330번길 17 (내덕동, 시영아파트)",127.4763474,36.6597267,,3,,"N","Y"
"내덕1동행정복지센터","644-1","충청북도 청주시 청원구 새터로 71",127.482631,36.658342,,12,,"N","Y"
"무성1리(태봉말)경로당","21-11","충청북도 청주시 상당구 낭성면 무성2길 16-4",127.579077,36.651944,,1,,"N","Y"
"덕벌경로당","301-14","충청북도 청주시 청원구 새터로37번길 13-5",127.485588,36.655916,,3,,"N","Y"
"방죽말경로당","412-70 방죽말경로당","충청북도 청주시 청원구  충청대로  54-1, 방죽말경로당 (내덕동)",127.4916274,36.6614109,,3,,"N","Y"
"청동경로당","57-12 청동경로당","충청북도 청주시 청원구  덕벌로31번길  14-10, 청동경로당 (내덕동)",127.4938826,36.6544593,,3,,"N","Y"
"밤고개경로당","172-93","충청북도 청주시 청원구  충청대로  9-10  (내덕동)",127.4890411,36.6585271,,4,,"N","Y"
"롯데삼성경로당","60-33 롯데 삼성 아파트 롯데삼성경로당","충청북도 청주시 청원구  덕벌로23번길  18 , 롯데삼성경로당 (내덕동, 롯데 삼성 아파트)",127.4946983,36.6553894,,6,,"N","Y"
"안덕벌경로당","24-4 안덕벌경로당","충청북도 청주시 청원구  우암산로251번길  32-2, 안덕벌경로당 (내덕동)",127.498318,36.6568702,,4,,"N","Y"
"내덕2구경로당","162 내덕2구경로당","충청북도 청주시 청원구  안덕벌로15번길  45-1, 내덕2구경로당 (내덕동)",127.4911349,36.6592502,,4,,"N","Y"
"신화아파트경로당","520-2","충청북도 청주시 청원구 1순환로211번길 11 (내덕동, 신화아파트)",127.4893105,36.6637889,,3,,"N","Y"
"병암2리경로당","202-4","충청북도 청주시 상당구 가덕면병암1길 10",127.574794,36.577958,,2,,"N","Y"
"병암3리경로당","30-0","충청북도 청주시 상당구 가덕면원병암길 5",127.587269,36.583374,,1,,"N","Y"
"강서32통경로당","141-1 강서32통경로당","충청북도 청주시 흥덕구  강서로27번길  40 , 강서32통경로당 (강서동)",127.4220532,36.6205718,,3,,"N","Y"
"학평1리경로당","140-24","충청북도 청주시 청원구 내수읍 내수학평길 45",127.538022,36.727584,,2,,"N","Y"
"학평2리경로당","211-32","충청북도 청주시 청원구 내수읍 학평리 211-32",127.5445881,36.720874,,2,,"N","Y"
"내수3리경로당","310-2","충청북도 청주시 청원구 내수읍 내수3길 22-2 ",127.5268051,36.7226692,,2,,"N","Y"
"신안리경로당","325-0","충청북도 청주시 청원구 내수읍 형동2길 130-42 ",127.5204268,36.7241569,,1,,"N","Y"
"원통1리경로당","62-4","충청북도 청주시 청원구 내수읍 원통길 13-2",127.518365,36.714601,,3,,"N","Y"
"문암경로당","75-1 문암경로당","충청북도 청주시 흥덕구  문암로199번길  25 , 문암경로당 (문암동)",127.448504,36.6709023,,3,,"N","Y"
"율량서희스타힐스아파트경로당","853-0","충청북도 청주시 청원구 충청대로84번길 30 (내덕동, 율량 서희 스타힐스)",127.4952006,36.6634533,,1,,"N","Y"
"수의경로당","9-1","충청북도 진천군 초평면 수의1길 70",127.552356,36.789967,,3,,"N","Y"
"구정경로당","274-9","충청북도 진천군 초평면 구정로 287 ",127.5369224,36.7809479,,3,,"N","Y"
"사곡경로당","339-3","충청북도 진천군 초평면 구정벼루길 12-3 ",127.516323,36.7732761,,2,,"N","Y"
"송절1구경로당","370-0","충청북도 청주시 흥덕구 원터로29번길 13",127.4509553,36.6614657,,1,,"N","Y"
"송절2구경로당","41-5","충청북도 청주시 흥덕구 신정로36번길 12",127.4612836,36.6656896,,1,,"N","Y"
"장양1리경로당","442-4","충청북도 청주시 청원구 북이면 장양1길 29-3 ",127.5298199,36.759473,,3,,"Y","Y"
"강서1동행정복지센터","9-2 강서 1동주민센터","충청북도 청주시 흥덕구  가로수로  1164 , 강서 1동주민센터 (강서동)",127.4260084,36.6266746,,5,,"N","Y"
"새터경로당","115-120 새터노인정","충청북도 청주시 청원구  안덕벌로57번길  8 , 새터노인정 (내덕동)",127.4947139,36.6585397,,4,,"N","Y"
"장수경로당","387-6 장수경로당","충청북도 청주시 청원구  1순환로225번길  60 , 장수경로당 (내덕동)",127.4878207,36.6615238,,4,,"N","Y"
"주성14통경로당","216-1 주성14통경로당","충청북도 청주시 청원구  충청대로272번길  95 , 주성14통경로당 (주성동)",127.5020438,36.6787771,,2,,"N","Y"
"외남15통경로당","228-30 외남15통경로당","충청북도 청주시 청원구  토성로448번길  34-11, 외남15통경로당 (외남동)",127.4797034,36.698045,,2,,"N","Y"
"대원칸타빌1차아파트경로당","335 상가","충청북도 청주시 청원구 주성동 율량로  103 , 상가 (주성동)",127.497701,36.673421,,2,,"N","Y"
"율량2LH2단지아파트경로당","950 경로당,작은도서관","충청북도 청주시 청원구 주중동 율량로  47 , 경로당,작은도서관 (주중동)",127.491409,36.674061,,4,,"N","Y"
"율량2LH1단지아파트경로당","852 보육시설","충청북도 청주시 청원구 주중동 율량로  17 , 보육시설 (주중동)",127.488345,36.673913,,0,,"N","Y"
"대원칸타빌2차아파트경로당","1023 상가","충청북도 청주시 청원구 주중동 율량로  77 , 상가 (주중동)",127.494723,36.673715,,2,,"N","Y"
"선광로즈웰2차아파트경로당","336 상가","충청북도 청주시 청원구 주성동 율량로  119 , 상가 (주성동)",127.499644,36.67268,,0,,"N","Y"
"두산2리경로당","343-4","충청북도 청주시 상당구 남일면 노동두산길 161",127.5324646,36.5611458,,2,,"N","Y"
"두산1리경로당","147-0","충청북도 청주시 상당구 남일면두산길 105-2",127.5411309,36.5617333,,2,,"N","Y"
"은곡1리경로당","90-1","충청북도 청주시 청원구 내수읍 은곡1길 20 ",127.5296,36.6989952,,2,,"N","Y"
"마산2리경로당","94-15","충청북도 청주시 청원구 내수읍 마산리 94-15",127.5369036,36.7200678,,4,,"N","Y"
"마산6리경로당","8-5","충청북도 청주시 청원구 내수읍 마산3길 3",127.5382802,36.7207253,,3,,"N","Y"
"도원1리경로당","146-5","충청북도 청주시 청원구 내수읍 내수도원길 17",127.536448,36.711933,,3,,"N","Y"
"풍정2리경로당","73-7","충청북도 청주시 청원구 내수읍 풍정2길 48-8",127.553918,36.710468,,2,,"N","Y"
"덕암1리경로당","349-6","충청북도 청주시 청원구 내수읍 덕암1길 5 ",127.5437848,36.6995393,,2,,"N","Y"
"정북7통경로당","88-7 정북7통경로당","충청북도 청주시 청원구  토성로238번길  48 , 정북7통경로당 (정북동)",127.4619569,36.6862853,,2,,"N","Y"
"송곡그린경로당","308-3 송곡그린경로당","충청북도 청주시 흥덕구  2순환로1050번길  16-4, 송곡그린경로당 (비하동)",127.4211329,36.6412722,,1,,"N","Y"
"평화아파트경로당","75-32 평화아파트 평화아파트경로당","충청북도 청주시 흥덕구  가로수로1132번길  10 , 평화아파트경로당 (비하동, 평화아파트)",127.4222707,36.6260175,,2,,"N","Y"
"정상8통경로당","150-7 정상8통경로당","충청북도 청주시 청원구  토성로176번길  17 , 정상8통경로당 (정상동)",127.4620888,36.682154,,2,,"N","Y"
"정상9통경로당","123-5 정상동9통경로당","충청북도 청주시 청원구  토성로214번가길  32-2, 정상동9통경로당 (정상동)",127.4676513,36.683603,,2,,"N","Y"
"정하10통경로당","96-3 정하10통경로당","충청북도 청주시 청원구  토성로100번길  44 , 정하10통경로당 (정하동)",127.4642015,36.6740249,,2,,"N","Y"
"주중11통경로당","127-4","충청북도 청주시 청원구 충청대로233번길 64-15 (주중동)",127.4940526,36.6782459,,2,,"N","Y"
"신송2리경로당","618-0","충청북도 청주시 상당구 남일면 신송새터길 42",127.4894826,36.5741449,,4,,"N","Y"
"신평1리경로당","566-4","충청북도 청주시 청원구 오창읍 신평길 11 ",127.437458,36.6927282,,3,,"N","Y"
"우림필유1차아파트경로당","638-1","충청북도 청주시 청원구 오창읍 과학산업3로 227 ",127.4285853,36.7091903,,1,,"N","Y"
"남일면행정복지센터","33-0","충청북도 청주시 상당구 남일면 단재로 501",127.5096217,36.5869109,,1,,"N","Y"
"고은3리경로당","190-6","충청북도 청주시 상당구 남일면윗고분터길 35",127.5181188,36.5656519,,2,,"N","Y"
"주공1경로당","1211-0","충청북도 청주시 서원구 월평로 25 (분평동, 청주분평1단지 뜨란채아파트)",127.4873847,36.6120248,,1,,"N","Y"
"남들경로당","20-1 남들경로당","충청북도 청주시 서원구  청남로2074번길  101 , 남들경로당 (수곡동)",127.492399,36.6174615,,3,,"N","Y"
"수곡경로당","84-4 수곡경로당","충청북도 청주시 서원구  서원남로19번길  41 , 수곡경로당 (수곡동)",127.4843861,36.6203131,,5,,"N","Y"
"만복경로당","74-14","충청북도 청주시 서원구 수영로8번길 36 (수곡동)",127.4862595,36.6133833,,5,,"N","Y"
"두진백로경로당","1002 두진백로아파트 두진백로경로당","충청북도 청주시 서원구  수곡로  36 , 두진백로경로당 (수곡동, 두진백로아파트)",127.4754748,36.6152984,,6,,"N","Y"
"원마루경로당","1313-0","충청북도 청주시 서원구 원마루로10번길 1-3 (분평동)",127.4954843,36.6094261,,2,,"N","Y"
"미평경로당","359-25","충청북도 청주시 서원구 청남로 1852-5",127.475232,36.599741,,2,,"N","Y"
"주현경로당","2150 주현경로당","충청북도 청주시 흥덕구  봉정로49번길  14-2, 주현경로당 (봉명동)",127.4552273,36.6477791,,2,,,"Y"
"비하대광로제비앙아파트경로당","823-0","충청북도 청주시 흥덕구 가로수로1131번길 11",127.4219186,36.627327,,2,,"N","Y"
"대림아파트경로당","37-1","충청북도 청주시 흥덕구 가로수로1154번길 22-2 (강서동, 대림아파트)",127.4248352,36.6257897,,2,,"N","Y"
"새동네경로당","678-3 비하노인정","충청북도 청주시 흥덕구  청향로23번길  10 , 비하노인정 (비하동)",127.4200295,36.6374085,,3,,"N","Y"
"세원청실경로당","1001 산남세원청실아파트","충청북도 청주시 서원구  구룡산로  254 , 산남세원청실아파트 (수곡동)",127.4748742,36.6170395,,4,,"N","Y"
"안말경로당","984 안말경로당","충청북도 청주시 서원구  수곡로27번길  9 , 안말경로당 (수곡동)",127.4738558,36.6145269,,3,,"N","Y"
"국가유공자경로당","115-44","충청북도 청주시 청원구 내덕동 안덕벌로49번길  20   (내덕동)",127.4937404,36.6587557,,3,,"N","Y"
"내덕2동행정복지센터","161-4","충청북도 청주시 청원구 내덕동 충청대로  28   (내덕동)",127.490845,36.659549,,0,,"N","Y"
"무터골경로당","740 무터골경로당","충청북도 청주시 서원구  수곡로113번길  46 , 무터골경로당 (수곡동)",127.4705289,36.6188871,,3,,"N","Y"
"내수6리경로당","37-0","충청북도 청주시 청원구 내수읍 내수본길 12",127.534903,36.726824,,3,,"N","Y"
"청원농원경로당","317-2","충청북도 청주시 청원구 내수읍 원통숲안길 63 ",127.4988203,36.6923454,,2,,"N","Y"
"남일면분회경로당","33-0","충청북도 청주시 상당구 남일면단재로 501",127.509516,36.586819,,2,,"N","Y"
"효촌3리경로당","59-1","충청북도 청주시 상당구 남일면효덕길 26-20",127.512572,36.582682,,2,,"N","Y"
"고은2리경로당","548-1","충청북도 청주시 상당구 남일면 고은길 30 ",127.5132009,36.5730846,,2,,"N","Y"
"가산2리경로당","266-1","충청북도 청주시 상당구 남일면가산길 45-23",127.499434,36.561165,,2,,"N","Y"
"내수읍분회경로당","197-123","충청북도 청주시 청원구 내수읍 마산3길 49 ",127.5355464,36.7243095,,3,,"N","Y"
"입상2리경로당","21-27","충청북도 청주시 청원구 내수읍 입상2길 22 ",127.4945301,36.7286005,,2,,"N","Y"
"가산1리경로당","618-4","충청북도 청주시 상당구 남일면 가산양달길 21 ",127.4924675,36.5651185,,2,,"N","Y"
"구성1리경로당","141-4","충청북도 청주시 청원구 내수읍구성길 43",127.508069,36.680953,,2,,"N","Y"
"국동리경로당","67-0","충청북도 청주시 청원구 내수읍국동길 79",127.525921,36.679129,,2,,"N","Y"
"은곡4리경로당","310-0","충청북도 청주시 청원구 내수읍은곡묵방길 28",127.525271,36.709086,,2,,"N","Y"
"은곡5리경로당","302-0","충청북도 청주시 청원구 내수읍 은곡묵방길 52-10 (천일은곡아파트)",127.5251985,36.7104891,,2,,"N","Y"
"은곡6리경로당","246-3","충청북도 청주시 청원구 내수읍은곡4길 6",127.529192,36.717834,,2,,"N","Y"
"형동1리경로당","90-8","충청북도 청주시 청원구 내수읍 형동1길 50",127.569547,36.701648,,2,,"N","Y"
"마산5리경로당","123-0","충청북도 청주시 청원구 내수읍 마산길 72 (진흥1차아파트)",127.5356752,36.721777,,2,,"N","Y"
"세교1리경로당","201-4","충청북도 청주시 청원구 내수읍세교1길 332-4",127.563463,36.714847,,2,,"N","Y"
"비중리문화마을경로당","392-0","충청북도 청주시 청원구 내수읍 비중길 12",127.580507,36.711457,,2,,"N","Y"
"원통2리경로당","388-1","충청북도 청주시 청원구 내수읍원통숲안1길 78-15",127.501329,36.702292,,2,,"N","Y"
"창동5리영우A경로당","282-0","충청북도 증평군 증평읍 역전로 28 (영우아파트)",127.5790277,36.7835365,,0,,"N","Y"
"초중1리경로당","초중리 108-23","충청북도 증평군 증평읍 중앙로  132-21",127.577453,36.778975,,0,,"N","Y"
"증평보건소","57-2","충청북도 증평군 증평읍 보건복지로 64-1 ",127.5869054,36.7744448,,1,,"N","Y"
"증평읍사무소","100-0","충청북도 증평군 증평읍 광장로 88 ",127.5811064,36.784718,,2,,"N","Y"
"새마을금고본점","542-5","충청북도 증평군 증평읍 삼보로 82 ",127.5740764,36.7823378,,0,,"N","Y"
"증평농협중앙지점","118-0","충청북도 증평군 증평읍 중앙로 191 ",127.5802535,36.7834334,,0,,"N","Y"
"괴산증평축산농협","767-0","충청북도 증평군 증평읍 중앙로 169 ",127.5786281,36.7818695,,0,,"N","Y"
"증평우체국","30-0","충청북도 증평군 증평읍 중앙로 208 ",127.5819111,36.7841874,,3,,"N","Y"
"새마을금고초중지점","542-5","충청북도 증평군 증평읍 삼보로 82 ",127.5740764,36.7823335,,0,,"N","Y"
"수곡2동행정복지센터","845 수곡 제2동주민센터","충청북도 청주시 서원구  수곡로  61 , 수곡 제2동주민센터 (수곡동)",127.472013,36.6173601,,8,,"N","Y"
"구룡산경로당","335-0","충청북도 청주시 서원구 구룡산로 290 (수곡동)",127.4761569,36.6175276,,3,,"N","Y"
"주공2차서부경로당","314 산남 영구임대 아파트 주공2차 서부경로당","충청북도 청주시 서원구  구룡산로  275-13, 주공2차 서부경로당 (수곡동, 산남 영구임대 아파트)",127.4745886,36.6183407,,2,,"N","Y"
"한마음1차경로당","777 한마음1차 경로당","충청북도 청주시 서원구  수곡로  78 , 한마음1차 경로당 (수곡동)",127.472647,36.6184105,,2,,"N","Y"
"한마음2차경로당","775-0","충청북도 청주시 서원구 수곡로 100 (수곡동, 한마음2차아파트)",127.4719915,36.6209979,,2,,"N","Y"
"사천경로당","638-3","충청북도 청주시 청원구  율봉로30번길  35-16  (사천동)",127.4760758,36.6621337,,2,,"N","Y"
"사천동아1차아파트경로당","437-0","충청북도 청주시 청원구 율봉로 27 (사천동)",127.4739589,36.6649443,,1,,"N","Y"
"삼성아파트경로당","1180 삼성아파트","충청북도 청주시 청원구  주성로96번길  29   (율량동, 삼성아파트)",127.4794209,36.6676712,,2,,"N","Y"
"삼정1차아파트경로당","862-0","충청북도 청주시 청원구 율봉로201번길 50 (율량동, 삼정아파트)",127.4929301,36.6707123,,2,,"N","Y"
"괴정2리경로당","657-6","충청북도 청주시 청원구 오창읍 괴정1길 72",127.460816,36.729431,,0,,"N","Y"
"삼정2차아파트경로당","742-0","충청북도 청주시 청원구 율봉로175번길 54 (율량동, 삼정2차아파트)",127.4893038,36.6706951,,2,,"N","Y"
"파라디아2차A경로당","45-4","충청북도 증평군 증평읍 창신로 8-1 (파라디아2차아파트)",127.5743473,36.783399,,0,,"N","Y"
"초중2리경로당","358-6","충청북도 증평군 증평읍 증안2길 19 ",127.5742561,36.7712672,,1,,"N","Y"
"내성리경로당","257-0","충청북도 증평군 증평읍 안골길 34 ",127.5895125,36.7722942,,1,,"N","Y"
"한성아파트","728-0","충청북도 증평군 증평읍 삼일로8길 33 (한성아파트)",127.5896923,36.7807925,,1,,"N","Y"
"태양맨션자비회","110-0","충청북도 증평군 증평읍 중앙로 193-6 (태양맨션)",127.5808001,36.7844238,,1,,"N","Y"
"고은1리경로당","456-20","충청북도 청주시 상당구 남일면 단재로 748-19",127.5090218,36.5654561,,3,,"N","Y"
"창동여자경로당","225-0","충청북도 증평군 증평읍 삼보로7길 49",127.5796258,36.7842929,,2,,"N","Y"
"신목골경로당","352-4 신목골 경로당","충청북도 청주시 서원구  가장로383번길  8-2, 신목골 경로당 (장암동)",127.4873784,36.5927334,,1,,"N","Y"
"서당경로당","490-1 서당 경로당","충청북도 청주시 서원구  가장로353번길  169-2, 서당 경로당 (장암동)",127.4822814,36.5853504,,1,,"N","Y"
"용평경로당","200-3 용평경로당","충청북도 청주시 서원구  가장로332번길  36-8, 용평경로당 (장암동)",127.491454,36.5883227,,1,,"N","Y"
"창신경로당","359-18","충청북도 청주시 서원구 창직로29번길 25",127.4649336,36.632062,,5,,"N","Y"
"대원칸타빌경로당","285-3","충청북도 청주시 서원구 1순환로 679 (사창동)",127.461217,36.6330179,,6,,"N","Y"
"수곡1동행정복지센터","338-0","충청북도 청주시 서원구 구룡산로 322",127.4799035,36.6182877,,5,,"N","Y"
"새텃말경로당","215-4","충청북도 청주시 서원구 매봉로60번길 40-2",127.480391,36.615338,,4,,"N","Y"
"성심신용협동조합내덕지점","109-19","충청북도 청주시 청원구 내덕동 안덕벌로  40   (내덕동)",127.492983,36.657531,,0,,"N","Y"
"내덕신협협동조합","414-29","충청북도 청주시 청원구 충청대로 51 (내덕동)",127.4911344,36.661689,,0,,"N","Y"
"진양아파트경로당","677-1 진양아파트 진양아파트경로당","충청북도 청주시 흥덕구  사운로  257 , 진양아파트경로당 (운천동, 진양아파트)",127.4728393,36.6497002,,1,,,"Y"
"삼성아파트경로당","159 삼성아파트경로당","충청북도 청주시 흥덕구  사운로321번길  20 , 삼성아파트경로당 (신봉동)",127.4673975,36.6555521,,1,,,"Y"
"두진백로아파트경로당","35-1","충청북도 청주시 흥덕구 사운로324번길 14 (신봉동, 두진백로아파트)",127.4711345,36.6563675,,1,,,"Y"
"산미새마을금고","1247 산미새마을금고","충청북도 청주시 서원구  산미로  150 , 산미새마을금고 (산남동)",127.4762775,36.6091573,,0,,"N","Y"
"산남동행정복지센터","291-6 산남동주민센터","충청북도 청주시 서원구  안뜸로12번길  42 , 산남동주민센터 (분평동)",127.4785874,36.6103447,,5,,"N","Y"
"낙원경로당(우성2차)","237-0","충청북도 청주시 서원구 청남로2005번길 45",127.4827284,36.6097585,,2,,"N","Y"
"오복경로당","312-30 오복경로당","충청북도 청주시 서원구  안뜸로  44 , 오복경로당 (분평동)",127.4823174,36.611925,,2,,"N","Y"
"흥덕경로당","1524-0","충청북도 청주시 흥덕구 흥덕로172번길 17 (운천동)",127.4782572,36.6480357,,2,,,"Y"
"효촌4리경로당","43-2","충청북도 청주시 상당구 남일면 효촌송정3길 14 (보람주택)",127.5098643,36.5852047,,2,,"N","Y"
"가중2리경로당","408-3","충청북도 청주시 상당구 남일면가중2길 3",127.470304,36.573521,,2,,"N","Y"
"동남LH3단지경로당","3156-0","충청북도 청주시 상당구 호미로 60 (용암동, 청주동남엘에이치3단지)",127.5233531,36.6162338,,3,,"N","Y"
"우림필유아파트경로당","177-0","충청북도 청주시 흥덕구 사운로359번길 13 (신봉동, 우림필유)",127.4666284,36.6563011,,1,,,"Y"
"주공2차경로당","2108-0","충청북도 청주시 상당구 원봉로 52-1",127.5096768,36.6143724,,8,,"N","Y"
"운천신봉동행정복지센터","1565 운천신봉동주민센터","충청북도 청주시 흥덕구  사운로  216 , 운천신봉동주민센터 (운천동)",127.4766235,36.6479225,,10,,,"Y"
"농협중앙회운천동지점","596-1 농협중앙회운천동지점","충청북도 청주시 흥덕구  사운로  266 , 농협중앙회운천동지점 (운천동)",127.4735683,36.6515753,,3,,,"Y"
"운천경로당","422-29 운천경로당","충청북도 청주시 흥덕구  무심서로  713 , 운천경로당 (운천동)",127.475082,36.653236,,1,,,"Y"
"연당경로당","950 연당경로당","충청북도 청주시 흥덕구  흥덕로108번길  26 , 연당경로당 (운천동)",127.4742864,36.6439453,,2,,,"Y"
"세원아파트경로당","677-4","충청북도 청주시 흥덕구 사운로 267 (운천동, 운천세원아파트)",127.4732006,36.6510449,,1,,,"Y"
"분평동행정복지센터","1252 분평동주민센터","충청북도 청주시 서원구 분평동 분평로  35 ,  분평동주민센터 (분평동)",127.489122,36.608696,,10,,"N","Y"
"오창대성베르힐아파트경로당","556-0","충청북도 청주시 청원구 오창읍 2산단로 160",127.454366,36.7346096,,0,,"N","Y"
"농협충북유통","118-0","충청북도 청주시 상당구 무농정로 32",127.506888,36.604643,,0,,,"Y"
"용암우체국","2015-0","충청북도 청주시 상당구 무농정로 51",127.508201,36.607289,,2,,,"Y"
"효성아파트경로당","2086-0","충청북도 청주시 상당구 월평로 221",127.508562,36.608561,,1,,,"Y"
"방서경로당","200-3","충청북도 청주시 상당구 단재로293번길 21 (방서동)",127.5035504,36.6039722,,1,,,"Y"
"용암1동행정복지센터","1589-0","충청북도 청주시 상당구 중흥로 29 (용암동)",127.501305,36.608859,,0,,"N","Y"
"한우리경로당","2105 한우리경로당","충청북도 청주시 상당구 용암동 용암로  36 , 한우리경로당 (용암동)",127.5076363,36.6124882,,2,,"N","Y"
"형석아파트경로당","2088-0","충청북도 청주시 상당구 월평로 207",127.5079595,36.6092946,,2,,,"Y"
"용암2동행정복지센터","2016-0","충청북도 청주시 상당구 무농정로 47",127.508079,36.607144,,2,,,"Y"
"주공5단지경로당","925-0","충청북도 증평군 증평읍 증평로 31-11 (장동주공아파트)",127.5893354,36.7877984,,2,,"N","Y"
"내추1리경로당","7-8","충청북도 청주시 청원구 북이면 내추옥수길 31-6 ",127.5543943,36.7625265,,1,,"Y","Y"
"내추2리경로당","348-0","충청북도 청주시 청원구 북이면 내추길 61-2 ",127.5460848,36.7612866,,1,,"Y","Y"
"신대1리경로당","302-1","충청북도 청주시 청원구 북이면 신대길 22-10 ",127.5401437,36.7403221,,1,,"Y","Y"
"장양2리경로당","691-0","충청북도 청주시 청원구 북이면 장양2길 81-1 ",127.5265101,36.7663168,,1,,"Y","Y"
"금암1리경로당","14-1","충청북도 청주시 청원구 북이면 금암1길 51 ",127.5624168,36.7529789,,1,,"Y","Y"
"장양4리경로당","29-0","충청북도 청주시 청원구 북이면 대율내추길 319-17 ",127.5463235,36.7572145,,1,,"Y","Y"
"토성1리경로당","205-0","충청북도 청주시 청원구 북이면 토성1길 63-1 ",127.5670087,36.7476899,,1,,"Y","Y"
"창동1.2.3남자","261-0","충청북도 증평군 증평읍 중앙로5길 20 ",127.5777364,36.7836283,,1,,"N","Y"
"KB국민은행증평지점","60-0","충청북도 증평군 증평읍 충청대로 1758 (예다인)",127.5808007,36.7862002,,1,,"N","Y"
"쌍수2리경로당","345-16","충청북도 청주시 상당구 남일면 쌍수관기길 20-1",127.5137538,36.575867,,3,,"N","Y"
"증평1·3리","371-0","충청북도 증평군 증평읍 삼일로 51-8 ",127.5842619,36.7810785,,1,,"N","Y"
"증평리","290-1","충청북도 증평군 증평읍 대동1길 6 ",127.5847143,36.7816866,,1,,"N","Y"
"삼일아파트","255-0","충청북도 증평군 증평읍 장뜰로 110 (삼일아파트)",127.5881839,36.7867319,,1,,"N","Y"
"성동신협","2-10 성동신협","충청북도 청주시 서원구  모충로  25 , 성동신협 (개신동)",127.4668284,36.6251555,,0,,"N","Y"
"원농촌경로당","176-1 원농촌경로당","충청북도 청주시 서원구  성화로40번길  25-11, 원농촌경로당 (성화동)",127.4483603,36.6098459,,2,,"N","Y"
"삼정백조아파트경로당","310-0","충청북도 청주시 흥덕구 1순환로513번길 33 (신봉동, 삼정백조아파트)",127.4675105,36.6454885,,1,,,"Y"
"고은1리아래고분터경로당","444-3","충청북도 청주시 상당구 남일면 고은2길 23-34",127.511826,36.5644444,,4,,"N","Y"
"은행2리경로당","372-1","충청북도 청주시 상당구 남일면 은행길 48-1",127.5532381,36.5728466,,2,,"N","Y"
"황청리경로당","72-1","충청북도 청주시 상당구 남일면 황청리길 59",127.5573303,36.5915834,,2,,"N","Y"
"효촌2리경로당","119-0","충청북도 청주시 상당구 남일면 효촌송정2길 8-30",127.5066929,36.5871296,,4,,"N","Y"
"복대1동행정복지센터","3028 복대1동주민센터","충청북도 청주시 흥덕구  증안로  86 , 복대1동주민센터 (복대동)",127.432493,36.6355256,,7,,"N","Y"
"벽산경로당","2606-0","충청북도 청주시 흥덕구 짐대로 6",127.4245486,36.6360613,,2,,"N","Y"
"두진경로당","2459 두진백로아파트 두진경로당","충청북도 청주시 흥덕구  증안로  33 , 두진경로당 (복대동, 두진백로아파트)",127.42714,36.6369519,,1,,"N","Y"
"죽림경로당","156-0","충청북도 청주시 서원구 대림로421번길 76",127.439984,36.6062873,,3,,"N","Y"
"송학삼익@경로당","446-2","충청북도 청주시 서원구 1순환로 785 (개신동)",127.4651934,36.6239859,,2,,"N","Y"
"성화주공1차@경로당","634-0","충청북도 청주시 서원구 성봉로 88",127.4544341,36.6137999,,2,,"N","Y"
"푸르지오@경로당","634 청주 개신 푸르지오 푸르지오@경로당","충청북도 청주시 서원구  신율로  13 , 푸르지오@경로당 (개신동, 청주 개신 푸르지오)",127.4463972,36.6186912,,2,,"N","Y"
"삼일아파트경로당","580-1","충청북도 청주시 흥덕구 사운로280번길 9 (운천동)",127.4731074,36.652884,,1,,,"Y"
"형석아파트경로당","676-0","충청북도 청주시 흥덕구 사운로 281 (운천동)",127.4710212,36.6527908,,1,,,"Y"
"한성아파트경로당","529 한성아파트 한성아파트경로당","충청북도 청주시 흥덕구  1순환로  451 , 한성아파트경로당 (신봉동, 한성아파트)",127.4694707,36.6504166,,1,,,"Y"
"개신주공1단지@경로당","613-0","충청북도 청주시 서원구 경신로 65 (개신동)",127.4480085,36.6225479,,2,,"N","Y"
"강서2동행정복지센터","838","충청북도 청주시 흥덕구 송화로108번길 95  (송절동, 강서2동 행정복지센터)",127.4537402,36.6660814,,1,,"N","Y"
"진재경로당","3025 진재경로당","충청북도 청주시 흥덕구  진재로48번길  17 , 진재경로당 (복대동)",127.4307001,36.6356186,,1,,"N","Y"
"산남계룡리슈빌아파트경로당","1102 계룡리슈빌아파트 산남계룡아파트경로당","충청북도 청주시 서원구  산남로  23 , 산남계룡아파트경로당 (산남동, 계룡리슈빌아파트)",127.4711059,36.610318,,2,,"N","Y"
"백수경로당(우성1차)","320 우성아파트 백수경로당","충청북도 청주시 서원구  청남로2005번길  96 , 백수경로당 (분평동, 우성아파트)",127.4802252,36.6101806,,2,,"N","Y"
"주공2경로당","1202-0","충청북도 청주시 서원구 1순환로1137번길 129 (분평동, 주공2단지아파트)",127.4918264,36.6121626,,2,,"N","Y"
"주공3-1경로당","1200 주공3-1경로당","충청북도 청주시 서원구  1순환로1137번길  130 , 주공3-1경로당 (분평동)",127.4939314,36.6124183,,2,,"N","Y"
"주공4차경로당","321 주공4차 경로당","충청북도 청주시 서원구 수곡동 구룡산로  275-34, 주공4차 경로당 (수곡동)",127.4760715,36.6192796,,4,,"N","Y"
"다안채아파트경로당","1034-0","충청북도 청주시 서원구 구룡산로52번길 51 (성화동, 다안채6단지아파트)",127.4517851,36.6120033,,2,,"N","Y"
"성화주공4단지아파트경로당","708-0","충청북도 청주시 서원구 장전로 11 (성화동, 성화휴먼시아4단지)",127.4510099,36.6176719,,1,,"N","Y"
"용호경로당","981-0","충청북도 청주시 서원구 용호로15번길 126",127.4463559,36.614324,,2,,"N","Y"
"배티경로당","279-17","충청북도 청주시 서원구 성봉로192번길 55 (개신동)",127.4501449,36.624143,,1,,"N","Y"
"성화3단지아파트경로당","616-0","충청북도 청주시 서원구 신성화로 12 (성화동)",127.459947,36.6161692,,2,,"N","Y"
"삼익2차아파트경로당","11-0","충청북도 청주시 서원구 창직로12번길 65 (개신동, 삼익2차아파트)",127.4655233,36.628078,,2,,"N","Y"
"서원새마을금고개신지점","615-0","충청북도 청주시 서원구 경신로 47 (개신동, 빌라)",127.4472199,36.6213208,,0,,"N","Y"
"군립도서관","816-0","충청북도 증평군 증평읍 광장로 37 ",127.5796822,36.789577,,3,,"N","Y"
"장동2리경로당","827-0","충청북도 증평군 증평읍 장동3길 9-3 ",127.5890324,36.7843936,,1,,"N","Y"
"초중3.4리","29-20","충청북도 증평군 증평읍 삼보로4길 8 ",127.5753276,36.7808652,,1,,"N","Y"
"한라비발디1단지경로당","1116 한라비발디 1단지경로당","충청북도 청주시 상당구  용정로  25 , 1단지경로당 (용정동, 한라비발디)",127.5161465,36.6304789,,1,,"N","Y"
"한라비발디2단지경로당","1117 청주용정 한라비발디 2단지경로당","충청북도 청주시 상당구  용정로  35 , 2단지경로당 (용정동, 청주용정 한라비발디)",127.517542,36.630846,,2,,"N","Y"
"영조1차경로당","2456 영조아름다운나날 영조1차경로당","충청북도 청주시 흥덕구  증안로  21 , 영조1차경로당 (복대동, 영조아름다운나날)",127.425077,36.6377325,,1,,"N","Y"
"영조2차경로당","3033 아름다운나날2차 영조2차경로당","충청북도 청주시 흥덕구  증안로  100 , 영조2차경로당 (복대동, 아름다운나날2차)",127.4329309,36.6352015,,3,,"N","Y"
"천수공원","182-0","충청북도 청주시 서원구 천수로 25",127.4614846,36.6379562,,,,,"Y"
"남들공원","20-1","충청북도 청주시 서원구 청남로2074번길 101",127.4922774,36.6176043,,,,,"Y"
"금속활자주조전수관","867-0","충청북도 청주시 흥덕구 흥덕로 96 (운천동)",127.472656,36.6435995,,0,,,"Y"
"원리2리경로당","207-8","충청북도 청주시 청원구 오창읍 원리1길 13 ",127.4510273,36.7512489,,1,,"N","Y"
"부영사랑으로경로당","1094 관리사무소","충청북도 청주시 서원구 산남동 원흥로  14 , 관리사무소 (산남동)",127.472828,36.608138,,2,,"N","Y"
"새동네경로당","1104 새동네경로당","충청북도 청주시 서원구  매봉로29번길  21 , 새동네경로당 (분평동)",127.4764021,36.6126892,,2,,"N","Y"
"장대1리,3리경로당","65-2","충청북도 청주시 청원구 오창읍 오창시내1길 49 ",127.4591196,36.7418073,,3,,"N","Y"
"분평계룡리슈빌아파트경로당","262 분평계룡리슈빌아파트 분평계룡경로당","충청북도 청주시 서원구  매봉로  28 , 분평계룡경로당 (분평동, 분평계룡리슈빌아파트)",127.4777145,36.6130697,,2,,"N","Y"
"학소리할머니경로당","271-8","충청북도 청주시 청원구 오창읍 학소길 38 ",127.4701166,36.7448228,,2,,"N","Y"
"모정2리경로당","281-3","충청북도 청주시 청원구 오창읍 모정1길 6 ",127.4642023,36.7469054,,2,,"N","Y"
"일신리경로당","281-5","충청북도 청주시 청원구 오창읍 일신길 23 ",127.4718332,36.7544918,,2,,"N","Y"
"유리경로당","469-3","충청북도 청주시 청원구 오창읍 유리길 50 ",127.4778521,36.7576056,,2,,"N","Y"
"창리1리경로당","48-0","충청북도 청주시 청원구 오창읍 공항로 1026-6 ",127.4536693,36.7402039,,2,,"N","Y"
"복지회관쉼터","609-1","충청북도 청주시 서원구 남이면 척산길 7-14  ",127.4330246,36.5604332,,1,,,"Y"
"척산4리경로당","651-2","충청북도 청주시 서원구 남이면척산5길 29-14",127.427983,36.562411,,2,,,"Y"
"척북3리경로당","74-13","충청북도 청주시 서원구 남이면 저산척북로 636-10 (삼포아파트)",127.4243152,36.5717426,,2,,,"Y"
"보성아파트경로당","301-2 보성아파트경로당","충청북도 청주시 서원구  매봉로2번길  55 , 보성아파트경로당 (분평동)",127.4809998,36.6107459,,1,,"N","Y"
"창리2리경로당","4-17","충청북도 청주시 청원구 오창읍 팔결로 691 (진양아파트)",127.4564964,36.7396364,,2,,"N","Y"
"창리5리경로당","115-0","충청북도 청주시 청원구 오창읍 창리1길 13 (금정아파트)",127.4534011,36.7382522,,2,,"N","Y"
"강변뜨란채경로당","2915 청주신영강변뜨란채아파트 강변뜨란채경로당","충청북도 청주시 상당구  무심동로  86 , 강변뜨란채경로당 (용암동, 청주신영강변뜨란채아파트)",127.498021,36.613798,,4,,"N","Y"
"금호1차경로당","3366 금호어울림1단지 금호1차경로당","충청북도 청주시 흥덕구  대신로73번길  14 , 금호1차경로당 (복대동, 금호어울림1단지)",127.4349373,36.6398102,,2,,"N","Y"
"부영3차경로당","2540 중흥마을부영그린타운3차 부영e그린타운경로당","충청북도 청주시 상당구  중흥로  178 , 부영e그린타운경로당 (용암동, 중흥마을부영그린타운3차)",127.5137156,36.61865,,4,,"N","Y"
"중고개경로당","784 중고개경로당","충청북도 청주시 상당구  영운천로167번길  14 , 중고개경로당 (용정동)",127.5144564,36.6240906,,4,,"N","Y"
"현진에버빌경로당","1103 청주현진에버빌아파트 현진에버빌경로당","충청북도 청주시 서원구  탑골로  6 , 현진에버빌경로당 (산남동, 청주현진에버빌아파트)",127.4734309,36.6112499,,2,,"N","Y"
"농협중앙회구룡지점","1112 농협중앙회구룡지점","충청북도 청주시 서원구  탑골로  3 , 농협중앙회구룡지점 (산남동)",127.4733253,36.6118616,,0,,"N","Y"
"기업은행산남지점","500-0","충청북도 청주시 서원구 산남로 32 (산남동)",127.4704479,36.6116523,,0,,"N","Y"
"선암1리경로당","182-0","충청북도 청주시 청원구 북이면 선암영하로 67 ",127.5874633,36.7304664,,1,,"Y","Y"
"용계2리경로당","533-0","충청북도 청주시 청원구 북이면 용계내추로 26 ",127.5178519,36.7503419,,1,,"Y","Y"
"가경뜨란채7단지경로당","1581-0","충청북도 청주시 흥덕구 풍년로 40 (가경동, 뜨란채7단지아파트)",127.4401672,36.6177865,,2,,"N","Y"
"봉명1동행정복지센터","210-7 봉명1동주민센터","충청북도 청주시 흥덕구  직지대로620번길  70 , 봉명1동주민센터 (봉명동)",127.4596211,36.6404487,,14,,"N","Y"
"새로나경로당","1030 새로나경로당","충청북도 청주시 흥덕구  봉명로233번길  14 , 새로나경로당 (봉명동)",127.4675984,36.6408322,,2,,"N","Y"
"고은5리경로당","50-3","충청북도 청주시 상당구 남일면 쌍암동길 44-9 ",127.5258449,36.5690176,,3,,"N","Y"
"주공4-2경로당","1261-0","충청북도 청주시 서원구 1순환로1137번길 80 (분평동, 분평주공4단지아파트)",127.4941036,36.6096802,,2,,"N","Y"
"주공5경로당","1360-0","충청북도 청주시 서원구 분평로 88-1 (분평동, 분평주공5단지아파트)",127.4958014,36.6077036,,3,,"N","Y"
"주공6경로당","1366 분평주공6단지아파트 주공6경로당","충청북도 청주시 서원구  1순환로1137번길  19 , 주공6경로당 (분평동, 분평주공6단지아파트)",127.4910388,36.6074956,,2,,"N","Y"
"주공7경로당","1386-0","충청북도 청주시 서원구 분평로 18 (분평동, 분평주공7단지아파트)",127.4874893,36.6069974,,2,,"N","Y"
"현대대우경로당","1249 현대대우아파트 현대대우 경로당","충청북도 청주시 서원구  월평로  24 , 현대대우 경로당 (분평동, 현대대우아파트)",127.4882853,36.6088716,,3,,"N","Y"
"대원경로당","1255-0","충청북도 청주시 서원구 1순환로1137번길 79 (분평동, 주은프레지던트아파트)",127.4912685,36.6095294,,2,,"N","Y"
"교동1리남자","77-65","충청북도 증평군 증평읍 중앙로10길 11 ",127.5843562,36.7852492,,1,,"N","Y"
"성로경로당","163-1","충청북도 증평군 증평읍 삼일로11길 18-1 ",127.5849153,36.7839348,,1,,"N","Y"
"송산휴먼시아1단지","720-0","충청북도 증평군 증평읍 송산로 35 (증평송산1휴먼시아)",127.5744069,36.789579,,1,,"N","Y"
"주공3-2경로당","1200 주공3-2경로당","충청북도 청주시 서원구  1순환로1137번길  130 , 주공3-2경로당 (분평동)",127.4946634,36.6127709,,2,,"N","Y"
"송산7리","721-0","충청북도 증평군 증평읍 송산로 11 (지평더웰아파트)",127.5732936,36.7898059,,1,,"N","Y"
"서당1리경로당","60-5","충청북도 청주시 청원구 북이면 서당길 39 ",127.5546411,36.7315284,,3,,"Y","Y"
"신대2리경로당","202-0","충청북도 청주시 청원구 북이면 신대2길 18 ",127.5311932,36.7390518,,2,,"Y","Y"
"영하2리경로당","284-3","충청북도 청주시 청원구 북이면 영하길 7-3 ",127.5789312,36.7196722,,2,,"Y","Y"
"옥수리경로당","191-1","충청북도 청주시 청원구 북이면 옥수길 38 ",127.5639457,36.7662438,,3,,"Y","Y"
"용계3리경로당","254-0","충청북도 청주시 청원구 북이면 용계3길 2 ",127.5184259,36.7551666,,1,,"Y","Y"
"주공4-1경로당","1261-0","충청북도 청주시 서원구 1순환로1137번길 80 (분평동, 분평주공4단지아파트)",127.4944657,36.6103002,,1,,"N","Y"
"괴정1리경로당","501-0","충청북도 청주시 청원구 오창읍 괴정길 42 ",127.4631187,36.7291616,,1,,"N","Y"
"양촌3리경로당","94-1","충청북도 청주시 서원구 남이면양촌3길 66",127.471403,36.587584,,2,,,"Y"
"양촌1리경로당","121-0","충청북도 청주시 서원구 남이면양촌1길 15",127.467184,36.585927,,2,,,"Y"
"석판1리경로당","268-3","충청북도 청주시 서원구 남이면석판길 11-2",127.443036,36.592899,,1,,,"Y"
"산남경로당","1025-0","충청북도 청주시 서원구 두꺼비로27번길 20",127.4674032,36.6079453,,2,,"N","Y"
"마산3리경로당","4-2","충청북도 청주시 청원구 내수읍 마산3길 4-33 ",127.5388348,36.721605,,2,,"N","Y"
"마산1리경로당","171-47","충청북도 청주시 청원구 내수읍 마산1길 100 ",127.5380114,36.7255048,,2,,"N","Y"
"도원2리경로당","56-0","충청북도 청주시 청원구 내수읍 도원세교로 67",127.539694,36.709406,,2,,"N","Y"
"도원4리경로당","23-0","충청북도 청주시 청원구 내수읍도원세교로 85",127.5401665,36.708038,,2,,"N","Y"
"밤골경로당","1014-4","충청북도 청주시 청원구  충청대로107번길  29-5  (율량동)",127.4916928,36.6660676,,3,,"N","Y"
"비상리경로당","221-6","충청북도 청주시 청원구 내수읍비상길 34",127.582136,36.708209,,2,,"N","Y"
"보성아파트경로당","231-4","충청북도 청주시 청원구 율봉로56번길 5 (사천동, 보성아파트)",127.4785133,36.6647636,,2,,"N","Y"
"부강마을아파트경로당","744 율량 부강마을 아파트 101동","충청북도 청주시 청원구  공항로150번길  59   (율량동, 율량 부강마을 아파트 101동)",127.4875203,36.6710814,,3,,"N","Y"
"청주남부신협","688 청주남부신협","충청북도 청주시 서원구  산남로  81 , 청주남부신협 (산남동)",127.4651862,36.610834,,0,,"N","Y"
"금대1리경로당","147-0","충청북도 청주시 청원구 북이면 금대길 30-8 ",127.5723396,36.7649331,,4,,"Y","Y"
"금암2리경로당","172-1","충청북도 청주시 청원구 북이면 금암길 17 ",127.5562745,36.7521364,,4,,"Y","Y"
"청주농협산남지점","684 청주농협산남지점","충청북도 청주시 서원구  산남로  71 , 청주농협산남지점 (산남동)",127.4660091,36.6108668,,0,,"N","Y"
"무지개어린이공원","1986-0","충청북도 청주시 상당구 무농정로31번길 8-7",127.5070672,36.6071727,,,,,"Y"
"내둔리경로당","22-0","충청북도 청주시 청원구 북이면 내둔길 69-1 ",127.5150463,36.7391249,,3,,"Y","Y"
"대율1리경로당","304-0","충청북도 청주시 청원구 북이면 대율길 12-13 ",127.5240988,36.7430754,,2,,"Y","Y"
"대율2리경로당","204-1","충청북도 청주시 청원구 북이면 대율다락말길 43 ",127.5195551,36.7378266,,1,,"Y","Y"
"부연1리경로당","355-1","충청북도 청주시 청원구 북이면 부연1길 34 ",127.5684705,36.7390045,,2,,"Y","Y"
"두진백로아파트경로당","861-0","충청북도 청주시 청원구 율봉로201번길 34 (율량동, 두진백로그린타운)",127.4920879,36.6696194,,2,,"N","Y"
"럭키3차아파트경로당","869","충청북도 청주시 청원구  충청대로139번길  17-10  (율량동)",127.492964,36.6689604,,1,,"N","Y"
"럭키아파트경로당","863","충청북도 청주시 청원구  율봉로209번길  40   (율량동)",127.4951924,36.6701788,,1,,"N","Y"
"발산마을경로당","96-4","충청북도 청주시 청원구 발산로 57 (사천동)",127.4775034,36.677592,,3,,,"Y"
"럭키아파트경로당","252-42 럭키아파트경로당","충청북도 청주시 서원구  안뜸로39번길  5-1, 럭키아파트경로당 (분평동)",127.4809525,36.6124979,,1,,"N","Y"
"대원칸타빌2차경로당","1100 대원칸타빌2단지 대원칸타빌2차경로당","충청북도 청주시 서원구  산미로  143 , 대원칸타빌2차경로당 (산남동, 대원칸타빌2단지)",127.4748207,36.6098445,,1,,"N","Y"
"산남푸르지오경로당","679 청주산남푸르지오 산남푸르지오경로당","충청북도 청주시 서원구  두꺼비로  53 , 산남푸르지오경로당 (산남동, 청주산남푸르지오)",127.4631561,36.6092397,,2,,"N","Y"
"대원칸타빌1차경로당","678 대원칸타빌1단지 대원칸타빌1차 경로당","충청북도 청주시 서원구  두꺼비로  63 , 대원칸타빌1차 경로당 (산남동, 대원칸타빌1단지)",127.4629854,36.6102485,,3,,"N","Y"
"산남퀸덤아파트경로당","671 산남퀸덤아파트 산남퀸덤아파트경로당","충청북도 청주시 서원구  두꺼비로  93 , 산남퀸덤아파트경로당 (산남동, 산남퀸덤아파트)",127.4627526,36.6126196,,2,,"N","Y"
"유승한내들경로당","669 유승한내들아파트 유한한내들경로당","충청북도 청주시 서원구  두꺼비로  109 , 유한한내들경로당 (산남동, 유승한내들아파트)",127.4634789,36.6137706,,2,,"N","Y"
"수안들경로당","1256 수안들경로당","충청북도 청주시 흥덕구  운천로  13-8, 수안들경로당 (운천동)",127.475422,36.651395,,1,,,"Y"
"효촌7리경로당","28-1","충청북도 청주시 상당구 남일면 효촌송정1길 5-2",127.5106811,36.5879365,,3,,"N","Y"
"산정경로당","467-1","충청북도 청주시 흥덕구 흥덕로127번길 63 (운천동)",127.4740432,36.6474643,,1,,,"Y"
"운신새마을금고","678-1","충청북도 청주시 흥덕구 사운로 247 (운천동)",127.4743041,36.6499988,,2,,,"Y"
"근현대인쇄전시관","909-0","충청북도 청주시 흥덕구 흥덕로 104 (운천동)",127.4730673,36.644049,,0,,,"Y"
"청주고인쇄박물관","866-0","충청북도 청주시 흥덕구 직지대로 713",127.4714636,36.6440473,,0,,,"Y"
"대승스카이빌경로당","275-1 대승스카이빌경로당","충청북도 청주시 서원구  안뜸로12번길  13 , 대승스카이빌경로당 (분평동)",127.4791502,36.6117014,,2,,"N","Y"
"충북낙농농협성화지점","446-0","충청북도 청주시 서원구 신화로 49 (성화동)",127.4549071,36.6191143,,0,,"N","Y"
"진재공원","3025-0","충청북도 청주시 흥덕구 진재로48번길 17",127.4304164,36.6358434,,,,,"Y"
"석화경로당","117-0","충청북도 청주시 청원구 북이면북이석화길 40-18",127.567486,36.717971,,2,,"Y","Y"
"영하1경로당","363-0","충청북도 청주시 청원구 북이면영하1길 14",127.582181,36.726882,,2,,"Y","Y"
"부연2경로당","97-1","충청북도 청주시 청원구 북이면 부연2길 68-6 ",127.581097,36.7428669,,2,,"Y","Y"
"중흥점촌경로당","1166 중흥,점촌경로당","충청북도 청주시 상당구  용암로95번길  24 , 중흥,점촌경로당 (용암동)",127.5028294,36.6151759,,2,,"N","Y"
"현대1차경로당","2095 용암 현대아파트 현대1차경로당","충청북도 청주시 상당구  월평로  189 , 현대1차경로당 (용암동, 용암 현대아파트)",127.5058291,36.6097066,,2,,"N","Y"
"문백면복지회관","282-0","충청북도 진천군 문백면 문진로 467-32 ",127.4336037,36.7839769,,,,,"Y"
"건영경로당","2099 건영아파트 건영경로당","충청북도 청주시 상당구  중흥로  71 , 건영경로당 (용암동, 건영아파트)",127.5038327,36.6119961,,3,,"N","Y"
"중흥부영2차경로당","2444 중흥부영2차경로당","충청북도 청주시 상당구  중흥로  194 , 중흥부영2차경로당 (용암동)",127.514351,36.619562,,4,,"N","Y"
"중흥부영5차경로당","2433 중흥마을 부영아파트 중흥부영5차경로당","충청북도 청주시 상당구  중흥로  146 , 중흥부영5차경로당 (용암동, 중흥마을 부영아파트)",127.510641,36.615735,,2,,"N","Y"
"덕일마이빌경로당","2537 중흥마이빌아파트 덕일마이빌경로당","충청북도 청주시 상당구  중흥로  148 , 덕일마이빌경로당 (용암동, 중흥마이빌아파트)",127.511865,36.616587,,1,,"N","Y"
"중흥마을(부영10차)경로당","2542 중흥마을 부영 아파트 중흥마을1단지경로당","충청북도 청주시 상당구  중흥로  173 , 중흥마을1단지경로당 (용암동, 중흥마을 부영 아파트)",127.511275,36.619216,,2,,"N","Y"
"장수경로당","2353 장수경로당","충청북도 청주시 상당구  낙영로  20 , 장수경로당 (용암동)",127.508563,36.617276,,1,,"N","Y"
"대머리경로당","1585 대머리경로당","충청북도 청주시 상당구  중흥로11번길  12-5, 대머리경로당 (용암동)",127.501325,36.607558,,3,,"N","Y"
"여천2리경로당","389-0","충청북도 청주시 청원구 오창읍 여천3길 60",127.498347,36.772014,,1,,"N","Y"
"화산(華山)리경로당","420-1","충청북도 청주시 청원구 오창읍 빛화산길 23",127.479458,36.757343,,3,,"N","Y"
"모정1리경로당","113-1","충청북도 청주시 청원구 오창읍 모정2길 3",127.467998,36.749722,,1,,"N","Y"
"원리1리경로당","120-4","충청북도 청주시 청원구 오창읍 원리2길 105-9",127.457444,36.761543,,1,,"N","Y"
"복현1리경로당","175-2","충청북도 청주시 청원구 오창읍 복현4길 26-8 ",127.4493295,36.7446014,,1,,"N","Y"
"용전","662-0","충청북도 진천군 초평면 용대길 48-10 ",127.5488609,36.7798158,,,,"N","Y"
"경향","635-0","충청북도 진천군 문백면 봉죽2길 20-78 ",127.4253345,36.7849285,,,,"N","Y"
"현대2차경로당","2104 용암 현대아파트 현대2차경로당","충청북도 청주시 상당구  원봉로  41 , 현대2차경로당 (용암동, 용암 현대아파트)",127.5092668,36.612939,,1,,"N","Y"
"현대3차경로당","2096 용암3차현대아파트 현대3차경로당","충청북도 청주시 상당구  중흥로  70 , 현대3차경로당 (용암동, 용암3차현대아파트)",127.5054933,36.6119278,,3,,"N","Y"
"임광경로당","2105 진흥한우리아파트 임광경로당","충청북도 청주시 상당구  용암로  36 , 임광경로당 (용암동, 진흥한우리아파트)",127.5076363,36.6124882,,1,,"N","Y"
"송암1리경로당","201-1","충청북도 청주시 상당구 남일면 효촌송암1길 214",127.5298166,36.5927739,,2,,"N","Y"
"세원아파트경로당","328-12 우암 세원 임대아파트","충청북도 청주시 청원구  사북로149번길  7   (우암동, 우암 세원 임대아파트)",127.4870458,36.6457501,,2,,,"Y"
"오창7단지부영아파트경로당","564-0","충청북도 청주시 청원구 오창읍 2산단4로 60 (충북오창사랑으로부영7단지)",127.4510515,36.7372935,,0,,"N","Y"
"여천1리경로당","488-0","충청북도 청주시 청원구 오창읍 여천1길 16-5",127.4916877,36.7701182,,1,,"N","Y"
"청주실내빙상장","91-15","충청북도 청주시 청원구 밀레니엄1로 45 (사천동)",127.4773264,36.6793301,,0,,,"Y"
"청주서원노인복지관","1086-0","충청북도 청주시 서원구 원흥로 11-10",127.4705222,36.6075886,,1,,"N","Y"
"사창동농협중앙회","261-2","충청북도 청주시 서원구 사직대로 138",127.4625395,36.6348252,,3,,,"Y"
"배티경로당","405-10","충청북도 청주시 서원구 모충로104번길 53-7",127.476985,36.628264,,1,,"N","Y"
"모충동행정복지센터","404-0","충청북도 청주시 서원구 모충로124번길 25",127.4767444,36.6278445,,11,,"N","Y"
"남부경로당","131 남부경로당","충청북도 청주시 서원구  남들로  74 , 남부경로당 (모충동)",127.486684,36.624141,,3,,"N","Y"
"금솔경로당","463-3 금솔경로당","충청북도 청주시 서원구  매봉로189번길  10 , 금솔경로당 (모충동)",127.475054,36.626019,,2,,"N","Y"
"오창2지구대원칸타빌아파트경로당","160-0","충청북도 청주시 청원구 오창읍 2산단4로 55",127.4498308,36.7381198,,0,,"N","Y"
"장재1경로당","4-3","충청북도 청주시 청원구 북이면장재토성길 6",127.562991,36.748272,,2,,"Y","Y"
"광암경로당","114-0","충청북도 청주시 청원구 북이면 광암길 9-3 ",127.5715913,36.7529359,,2,,"Y","Y"
"송정1경로당","103-4","충청북도 청주시 청원구 북이면송정1길 1",127.573436,36.761502,,2,,"Y","Y"
"송정2경로당","158-1","충청북도 청주시 청원구 북이면송정새터말길 20",127.572006,36.758721,,2,,"Y","Y"
"금대2경로당","54-0","충청북도 청주시 청원구 북이면 금대2길 28 ",127.5720674,36.7675244,,2,,"Y","Y"
"추학2경로당","359-1","충청북도 청주시 청원구 북이면학암옥수길 51-8",127.546525,36.768504,,2,,"Y","Y"
"주은경로당","1255 주은프레지던트 아파트 주은 경로당","충청북도 청주시 서원구  1순환로1137번길  79 , 주은 경로당 (분평동, 주은프레지던트 아파트)",127.4910735,36.6102336,,2,,"N","Y"
"장성경로당","867-1 장성경로당","충청북도 청주시 서원구  궁뜰로67번길  32 , 장성경로당 (분평동)",127.4835489,36.5993778,,4,,"N","Y"
"내덕노인복지관","447-0","충청북도 청주시 청원구 충청대로62번길 1-18 (내덕동)",127.4947715,36.6628164,,0,,"N","Y"
"오근장동보건진료소","53-8","충청북도 청주시 청원구 팔결로 121-1",127.4808299,36.6940958,,1,,"N","Y"
"동양촌경로당","137-2 동양촌경로당","충청북도 청주시 흥덕구  비하로35번길  23-1, 동양촌경로당 (비하동)",127.4235604,36.6304248,,2,,"N","Y"
"사뜸경로당","1601-0","충청북도 청주시 청원구 율천북로119번길 1 (율량동)",127.4840802,36.6640493,,2,,"N","Y"
"두산한솔경로당","473 두산한솔경로당","충청북도 청주시 서원구  모충로124번길  53 , 두산한솔경로당 (모충동)",127.477147,36.625758,,2,,"N","Y"
"오동6통경로당","298-3 오동6통경로당","충청북도 청주시 청원구  오동로  155 , 오동6통경로당 (오동동)",127.4720364,36.6878822,,2,,"N","Y"
"강서1통경로당","92-4 강서1통경로당","충청북도 청주시 흥덕구  가로수로1164번길  26-11, 강서1통경로당 (강서동)",127.4263651,36.6256821,,2,,"N","Y"
"강서2통경로당","55-3 강서2통경로당","충청북도 청주시 흥덕구  강서로71번길  20-13, 강서2통경로당 (강서동)",127.4243386,36.623094,,2,,"N","Y"
"용정경로당","146 용정경로당","충청북도 청주시 흥덕구  강서로27번길  45 , 용정경로당 (강서동)",127.4218436,36.6206879,,4,,"N","Y"
"우암동행정복지센터","348-11 우암동주민센터","충청북도 청주시 청원구  향군로  34 , 우암동주민센터 (우암동)",127.4869196,36.6491569,,9,,,"Y"
"오근장동행정복지센터","53-8 오근장동주민센터","충청북도 청주시 청원구  팔결로  121 , 오근장동주민센터 (오동동)",127.4811561,36.6941283,,8,,"N","Y"
"외남1통경로당","146-10 외남1통경로당","충청북도 청주시 청원구  외남로  26 , 외남1통경로당 (외남동)",127.4828555,36.699611,,2,,"N","Y"
"외남2통경로당","196-3 외남2통경로당","충청북도 청주시 청원구  외남로  68 , 외남2통경로당 (외남동)",127.487321,36.6993369,,2,,"N","Y"
"외평3통경로당","398 외평3통경로당","충청북도 청주시 청원구  외평로  10-2, 외평3통경로당 (주중동)",127.481918,36.6964357,,4,,"N","Y"
"외하4통경로당","382 외하4통경로당","충청북도 청주시 청원구  팔결로324번길  31 , 외하4통경로당 (외하동)",127.478758,36.7123189,,2,,"N","Y"
"오동5통경로당","281 오동5통경로당","충청북도 청주시 청원구  오동로  65 , 오동5통경로당 (오동동)",127.4740272,36.6892152,,2,,"N","Y"
"금천동행정복지센터","152-2","충청북도 청주시 상당구 쇠내로 50 (금천동)",127.4993795,36.6244401,,0,,"N","Y"
"제1경로당","187-22 제1경로당","충청북도 청주시 상당구  중고개로337번길  135 ,  제1경로당 (금천동)",127.499367,36.625222,,4,,"N","Y"
"제2경로당","131-41 제2경로당","충청북도 청주시 상당구  수영로  211-1,  제2경로당 (금천동)",127.503323,36.623716,,2,,"N","Y"
"증평대교","55-0","충청북도 증평군 증평읍 역전로 61-1 ",127.5810179,36.7866556,,,,"N","Y"
"사직1동행정복지센터","219-24","충청북도 청주시 서원구 대원로 45",127.481091,36.640128,,7,,"N","Y"
"사직2동행정복지센터","641-41 사직2동주민센터","충청북도 청주시 서원구  충렬로53번길  31 , 사직2동주민센터 (사직동)",127.4737459,36.6316344,,11,,"N","Y"
"사창동행정복지센터","409-0","충청북도 청주시 서원구 내수동로 108",127.4588962,36.6335957,,8,,"N","Y"
"사창경로당","301-26","충청북도 청주시 서원구 창신로26번길 45-1",127.4670077,36.6333659,,4,,"N","Y"
"천수경로당","182-0","충청북도 청주시 서원구 천수로 25",127.461194,36.6379447,,5,,"N","Y"
"창수경로당","475-0","충청북도 청주시 서원구 1순환로704번길 60",127.4588934,36.6323738,,5,,"N","Y"
"증천4리남자","728-0","충청북도 증평군 증평읍 삼일로8길 33 (한성아파트)",127.589623,36.7807593,,1,,"N","Y"
"대길2리경로당","179-13","충청북도 청주시 청원구 북이면 서당대길길 103-3 ",127.5633126,36.7319605,,1,,"Y","Y"
"율량2LH9단지아파트경로당","2455 관리사무소","충청북도 청주시 청원구 율량동 율중로7번길  77 , 관리사무소 (율량동)",127.510893,36.660796,,5,,"N","Y"
"동아2차아파트경로당","228-0","충청북도 청주시 청원구 새터로176번길 62 (사천동, 사천동아2차아파트)",127.4752474,36.6652177,,3,,"N","Y"
"대원칸타빌3차아파트경로당","337-0","충청북도 청주시 청원구 율량로 135",127.5005527,36.6704431,,0,,"N","Y"
"석성보건진료소","504-15","충청북도 청주시 청원구 북이면 용계1길 77",127.5156686,36.7503334,,1,,"N","Y"
"석곡1동경로당","290-1 석곡1동경로당","충청북도 청주시 흥덕구  남석로  581 , 석곡1동경로당 (석곡동)",127.423615,36.606333,,2,,"N","Y"
"석곡6통경로당","42-3 석곡6통경로당","충청북도 청주시 흥덕구  서부로1124번길  121-9, 석곡6통경로당 (석곡동)",127.430168,36.6074835,,3,,"N","Y"
"추학보건진료소","473-3","충청북도 청주시 청원구 북이면 용계내추로 362",127.5433537,36.764604,,1,,"N","Y"
"서당2경로당","384-16","충청북도 청주시 청원구 북이면서당길 133-10",127.556211,36.724826,,2,,"Y","Y"
"삼일아파트경로당","698-1","충청북도 청주시 청원구 1순환로341번길 50 (내덕동, 삼일아파트)",127.477828,36.6558967,,3,,"N","Y"
"KT&G청주동우회경로당","306-3","충청북도 청주시 청원구 새터로 34",127.4865033,36.6561462,,5,,"N","Y"
"대길1경로당","221-0","충청북도 청주시 청원구 북이면대길길 28-1",127.560073,36.732218,,3,,"Y","Y"
"대원경로당","1671 대원경로당","충청북도 청주시 흥덕구  내수동로42번길  62 , 대원경로당 (복대동)",127.4499175,36.6306575,,4,,"N","Y"
"가경동행정복지센터","1076 가경동주민센터","충청북도 청주시 흥덕구  풍년로180번길  25-2, 가경동주민센터 (가경동)",127.4330327,36.6288624,,10,,"N","Y"
"가곡1리경로당","353-1","충청북도 청주시 청원구 오창읍 가곡2길 6",127.458785,36.722095,,1,,"N","Y"
"농소리경로당","119-1","충청북도 청주시 청원구 오창읍 농소길 18-2",127.442581,36.705673,,1,,"N","Y"
"신평2리경로당","22-4","충청북도 청주시 청원구 오창읍 지게바위길 2-3 ",127.4477684,36.6986274,,1,,"N","Y"
"대동리경로당","12-6","충청북도 증평군 증평읍 아랫장뜰길 52-10",127.584141,36.783331,,1,,"N","Y"
"사랑경로당","829-2","충청북도 청주시 서원구 사직대로201번길 27-2 (사직동, 신원빌라)",127.4711234,36.6363258,,1,,"N","Y"
"한라비발디아파트경로당","533-1","충청북도 증평군 증평읍 초중6길 8",127.567847,36.77586,,1,,"N","Y"
"괴정3리경로당","507-1","충청북도 청주시 청원구 오창읍 괴정길 18-9",127.464591,36.730764,,1,,"N","Y"
"흥덕보건소","3402-0","충청북도 청주시 흥덕구 대농로 88 (복대동)",127.4313827,36.6413996,,0,,"N","Y"
"부흥아파트","224-0","충청북도 증평군 증평읍 삼보로7길 45 (부흥아파트)",127.5794494,36.7839741,,1,,"N","Y"
"증평2리","413-0","충청북도 증평군 증평읍 삼일로 76-3 ",127.5867564,36.7824416,,1,,"N","Y"
"토성2리경로당","40-1","충청북도 청주시 청원구 북이면 토성1길 10 ",127.5706673,36.7501786,,2,,"Y","Y"
"추학1리경로당","466-0","충청북도 청주시 청원구 북이면 추학길 71 ",127.5425068,36.7647891,,1,,"Y","Y"
"신송3리경로당","506-1","충청북도 청주시 상당구 남일면 가좌신송로 286",127.4848702,36.5753156,,4,,"N","Y"
"창동1.2.3여자","261-0","충청북도 증평군 증평읍 중앙로5길 20 ",127.5777104,36.7836436,,1,,"N","Y"
"화상2리경로당","704-4","충청북도 청주시 청원구 북이면 화상신여울길 7-1 ",127.4840507,36.7280287,,1,,"Y","Y"
"현암2리경로당","387-11","충청북도 청주시 청원구 북이면 현암천수길 21-11 ",127.5311798,36.748571,,3,,"Y","Y"
"화하1리경로당","27-4","충청북도 청주시 청원구 북이면 화상석성로 401-6 ",127.5041002,36.7472171,,2,,"Y","Y"
"풍년골경로당","1075 풍년골경로당","충청북도 청주시 흥덕구  풍년로194번길  42 , 풍년골경로당 (가경동)",127.4332881,36.629741,,3,,"N","Y"
"발산경로당","1459 발산경로당","충청북도 청주시 흥덕구  경산로  33 , 발산경로당 (가경동)",127.4359197,36.6245337,,3,,"N","Y"
"꽃재경로당","1505-0","충청북도 청주시 흥덕구 장구봉로42번길 26 (가경동)",127.4390628,36.620013,,4,,"N","Y"
"휴먼시아경로당","2077-0","충청북도 청주시 흥덕구 서현중로32번길 23 (가경동, 가로수마을휴먼시아아파트)",127.432712,36.6214001,,3,,"N","Y"
"영우리경로당","88-2 영우리경로당","충청북도 청주시 상당구  수영로136번길  61 , 영우리경로당 (영운동)",127.5026465,36.6193723,,3,,"N","Y"
"청운경로당","76-26 청운경로당","충청북도 청주시 상당구  영운천로51번길  6 , 청운경로당 (영운동)",127.5045979,36.6175907,,2,,"N","Y"
"영세경로당","135-24 영세경로당","충청북도 청주시 상당구  단재로95번길  43 , 영세경로당 (영운동)",127.4986934,36.6214111,,2,,"N","Y"
"생이경로당","181-2 생이경로당","충청북도 청주시 상당구  수영로101번길  21-4, 생이경로당 (영운동)",127.4962535,36.6167931,,5,,"N","Y"
"삼진(아)경로당","41-3 삼진아파트 삼진(아)경로당","충청북도 청주시 상당구  영운천로69번길  57 , 삼진(아)경로당 (영운동, 삼진아파트)",127.5048836,36.6209453,,1,,"N","Y"
"이랜드해가든아파트경로당","516-2","충청북도 청주시 청원구 공항로 84 (내덕동)",127.4871647,36.6647829,,4,,"N","Y"
"영우아파트경로당","141-17","충청북도 청주시 청원구 안덕벌로69번길 41 (내덕동)",127.4946856,36.6601226,,0,,"N","Y"
"신라송림경로당","145-11","충청북도 청주시 상당구 단재로77번길 21-22 (영운동, 신라송림아파트)",127.4971265,36.6223821,,5,,"N","Y"
"영운동행정복지센터","107-1","충청북도 청주시 상당구 단재로 129",127.49893,36.617952,,2,,"N","Y"
"한신더휴센트럴파크아파트경로당","636-2","충청북도 청주시 청원구 오창읍 오창공원로 96 (한신 더 휴 센트럴파크)",127.4226952,36.7132155,,0,,"N","Y"
"현대아파트경로당","199-1","충청북도 청주시 상당구 중고개로337번길 23 (금천동, 금천현대아파트)",127.5030676,36.6293178,,7,,"N","Y"
"MG금천새마을금고","101-3","충청북도 청주시 상당구 수영로 230",127.504299,36.6252264,,3,,"N","Y"
"영하보건진료소","288-1","충청북도 청주시 청원구 북이면 영하길 5",127.5788904,36.719463,,1,,"N","Y"
"봉암경로당","290-0","충청북도 진천군 문백면 봉죽3길 5-1 ",127.4310207,36.7869693,,2,,"N","Y"
"오창5단지부영아파트경로당","567-0","충청북도 청주시 청원구 오창읍2산단4로 20",127.4481202,36.7347775,,1,,"N","Y"
"모아미래도와이드파크경로당","161-0","충청북도 청주시 청원구 오창읍2산단4로 45",127.4478098,36.7375581,,0,,"N","Y"
"교동1리여자경로당","77-5","충청북도 증평군 증평읍 장뜰로 85 ",127.584765,36.7856417,,2,,"N","Y"
"중동리경로당","대동리 13-1 중동경로당","충청북도 증평군 증평읍 아랫장뜰길  44 , 중동경로당",127.583257,36.783078,,3,,"N","Y"
"신동리경로당","신동리 261 신동경로당","충청북도 증평군 증평읍 아랫장뜰길  3 , 신동경로당",127.580061,36.780683,,1,,"N","Y"
"내수보건지소","149-16","충청북도 청주시 청원구 내수읍 입동1길 8",127.5349443,36.7235979,,0,,"N","Y"
"상신경로당","36-1","충청북도 청주시 흥덕구  상신로  90   (상신동)",127.434706,36.6664082,,2,,"N","Y"
"성원아파트경로당","1204-0","충청북도 청주시 청원구 사뜸로76번길 42 (율량동, 성원상떼빌)",127.4810466,36.6694344,,3,,"N","Y"
"신동아아파트경로당","229-1","충청북도 청주시 청원구 사뜸로61번길 25 (사천동)",127.4777877,36.6659835,,1,,"N","Y"
"원평1구경로당","491-10","충청북도 청주시 흥덕구  원평로42번길  12-14  (원평동)",127.4389817,36.6684651,,4,,"N","Y"
"원평2구경로당","575-2","충청북도 청주시 흥덕구  원평로95번길  2   (원평동)",127.4351974,36.6718312,,2,,"N","Y"
"화하2리경로당","115-0","충청북도 청주시 청원구 북이면 화하길 30 ",127.4985185,36.7445971,,5,,"Y","Y"
"장재2리경로당","420-7","충청북도 청주시 청원구 북이면 장재2길 16 ",127.5509262,36.7454096,,2,,"Y","Y"
"북이보건지소","4-8","충청북도 청주시 청원구 북이면 신대석성로 10",127.5420305,36.7396634,,2,,"N","Y"
"현대아파트경로당","227-2","충청북도 청주시 서원구 사직대로157번길 18 (사창동, 현대아파트)",127.4643029,36.6361194,,7,,"N","Y"
"중앙경로당","243-25","충청북도 청주시 서원구 봉명로240번길 43",127.4682737,36.637863,,5,,"N","Y"
"덕벌경로당","40-13 덕벌(남)경로당","충청북도 청주시 청원구  대성로254번길  41-12, 덕벌(남)경로당 (우암동)",127.4936721,36.649522,,3,,,"Y"
"삼일아파트경로당","54-1 삼일 아파트 덕벌(여)경로당","충청북도 청주시 청원구 우암동 54-1",127.4945061,36.6491184,,1,,,"Y"
"청암경로당","389 청암경로당","충청북도 청주시 청원구  우암로20번길  50 , 청암경로당 (우암동)",127.4831044,36.649951,,4,,,"Y"
"신라아파트경로당","1292","충청북도 청주시 청원구  율봉로94번길  9   (율량동)",127.4803532,36.6665032,,0,,"N","Y"
"동아아파트경로당","1569-0","충청북도 청주시 청원구 율천북로 103 (율량동)",127.4826787,36.6646775,,0,,"N","Y"
"정도드림빌경로당","25-2 정도드림-빌아파트","충청북도 청주시 청원구  공항로  159-12  (사천동, 정도드림-빌아파트)",127.4826001,36.6709204,,1,,"N","Y"
"새싹경로당","360 새싹경로당","충청북도 청주시 청원구  우암로54번길  9-2, 새싹경로당 (우암동)",127.4857955,36.6532237,,4,,,"Y"
"장수경로당","138-14","충청북도 청주시 서원구 사직대로89번길 26-9",127.457911,36.636081,,4,,"N","Y"
"웃말경로당","298-12","충청북도 청주시 서원구 사직대로176번길 26-2",127.4664846,36.6341466,,6,,"N","Y"
"국일신협","265-24","충청북도 청주시 서원구 사직대로 267 (사직동)",127.4770877,36.6359257,,2,,"N","Y"
"보성타운경로당","748-8","충청북도 청주시 청원구 무심동로660번길 19",127.475572,36.658474,,4,,"N","Y"
"우산3리경로당","504-8","충청북도 청주시 청원구 내수읍 우산길 37",127.5879695,36.7222096,,1,,"N","Y"
"괴정4리경로당","575-26","충청북도 청주시 청원구 오창읍괴정2길 41-6",127.4599103,36.7329703,,2,,"N","Y"
"오창보건지소","324-6","충청북도 청주시 청원구 오창읍 두릉유리로 1137-1 ",127.4542111,36.7420093,,2,,"N","Y"
"탑리보건진료소","266-2","충청북도 청주시 청원구 오창읍 탑리길 21-4",127.4484285,36.7086249,,2,,"N","Y"
"유리보건진료소","215-5","충청북도 청주시 청원구 오창읍 일신길 9",127.4727329,36.7537345,,2,,"N","Y"
"신동3리","522-0","충청북도 증평군 증평읍 삼일로2길 6-3 ",127.5823696,36.7793946,,1,,"N","Y"
"미덕경로당","646-4","충청북도 청주시 청원구 새터로59번길 30",127.4822518,36.6574194,,3,,"N","Y"
"율량사천동행정복지센터","991-0","충청북도 청주시 청원구 충청대로107번길 52",127.4904162,36.6665559,,1,,"N","Y"
"오창읍행정복지센터","324-6","충청북도 청주시 청원구 오창읍 두릉유리로 1137-1 ",127.4544579,36.7423403,,10,,"N","Y"
"장대4리경로당(재원아파트)","330-0","충청북도 청주시 청원구 오창읍 복현3길 16 (오창재원아파트)",127.4528432,36.7432732,,2,,"N","Y"
"창리4리경로당","9-3","충청북도 청주시 청원구 오창읍 공항로 988 (경희아파트)",127.4565285,36.7388239,,2,,"N","Y"
"복현2리경로당","390-0","충청북도 청주시 청원구 오창읍화복로 799",127.427265,36.749453,,2,,"N","Y"
"코아루아파트경로당","645-1","충청북도 청주시 청원구 오창읍 오창중앙로 21-14 ",127.4263215,36.707384,,2,,"N","Y"
"탑리경로당","264-0","충청북도 청주시 청원구 오창읍 탑리길 21-5 ",127.4482754,36.7084872,,3,,"N","Y"
"학소리할아버지경로당","270-1","충청북도 청주시 청원구 오창읍 학소길 42 ",127.4705082,36.7450506,,3,,"N","Y"
"입상1리경로당","228-0","충청북도 청주시 청원구 내수읍 입상1길 32 ",127.4884576,36.7216781,,3,,"N","Y"
"내수4,5리경로당","231-0","충청북도 청주시 청원구 내수읍 내수로 635 ",127.5292982,36.7209213,,2,,"N","Y"
"내수2리경로당","306-1","충청북도 청주시 청원구 내수읍 내수신안길 36-3 ",127.5261372,36.7210761,,2,,"N","Y"
"청북경로당","663-5 청북경로당","충청북도 청주시 청원구  내덕로7번길  82 , 청북경로당 (내덕동)",127.4794526,36.6590707,,3,,"N","Y"
"새동네경로당","828-16","충청북도 청주시 청원구 내덕동 828-16",127.4801642,36.6609338,,3,,"N","Y"
"효촌5리경로당","19-1","충청북도 청주시 상당구 남일면효촌송암길 20-30",127.5107649,36.5896997,,2,,"N","Y"
"추학3경로당","421-3","충청북도 청주시 청원구 북이면추학길 10-24",127.537531,36.762674,,2,,"Y","Y"
"용계1경로당","427-0","충청북도 청주시 청원구 북이면용계1길 53",127.515968,36.752324,,2,,"Y","Y"
"석성3경로당","472-0","충청북도 청주시 청원구 북이면남한이길 28",127.506961,36.757937,,4,,"Y","Y"
"봉서경로당","225 봉서경로당","충청북도 청주시 흥덕구  봉명로132번길  11 , 봉서경로당 (봉명동)",127.4566301,36.6383804,,4,,"N","Y"
"범고개경로당","187-28","충청북도 청주시 흥덕구 직지대로596번길 17 (봉명동)",127.459259,36.6423157,,2,,,"Y"
"봉명2송정동행정복지센터","1601 봉명2송정동주민센터","충청북도 청주시 흥덕구  주현로41번길  18 , 봉명2송정동주민센터 (봉명동)",127.4578482,36.6447016,,6,,,"Y"
"아이파크경로당","2752 봉명아이파크","충청북도 청주시 흥덕구  덕암로108번길  44   (봉명동, 봉명아이파크)",127.4597417,36.6519705,,3,,,"Y"
"삼정백조경로당","87 삼정백조경로당","충청북도 청주시 흥덕구  백봉로  244 , 삼정백조경로당 (봉명동)",127.4623612,36.6491358,,1,,,"Y"
"원봉경로당","2028 원봉경로당","충청북도 청주시 흥덕구  봉정로56번길  61 , 원봉경로당 (봉명동)",127.4593553,36.6484121,,4,,,"Y"
"화상1경로당","190-1","충청북도 청주시 청원구 북이면화상길 15",127.502685,36.748321,,2,,"Y","Y"
"만수경로당(봉명1동)","968 만수경로당","충청북도 청주시 흥덕구  봉명로205번길  17 , 만수경로당 (봉명동)",127.4642607,36.6406578,,3,,"N","Y"
"목련경로당","1106 목련경로당","충청북도 청주시 흥덕구  천수로47번길  7 , 목련경로당 (봉명동)",127.4624901,36.6392805,,2,,"N","Y"
"덕일경로당","173-100","충청북도 청주시 청원구 공항로33번길 7-11",127.4869413,36.6596963,,6,,"N","Y"
"현암1경로당","242-14","충청북도 청주시 청원구 북이면현암길 51",127.540001,36.743011,,4,,"Y","Y"
"북이면행정복지센터","4-8","충청북도 청주시 청원구 북이면 신대석성로 10 ",127.5416243,36.7389486,,13,,"N","Y"
"덕성그린아파트경로당","449-3 덕성 그린 아파트","충청북도 청주시 청원구  새터로  187   (사천동, 덕성 그린 아파트)",127.4716195,36.663586,,1,,"N","Y"
"대창아파트경로당","229-2","충청북도 청주시 청원구 사뜸로61번길 106 (사천동, 대창아파트)",127.4756058,36.6649959,,1,,"N","Y"
"복현4리경로당(수정아파트)","98-2","충청북도 청주시 청원구 오창읍 복현3길 27 (수정아파트)",127.4538302,36.7440684,,2,,"N","Y"
"증평송산LH5단지아파트","722-0","충청북도 증평군 증평읍 송산로 30 ()",127.5745082,36.7879703,,2,,"N","Y"
"가중1리경로당","192-9","충청북도 청주시 상당구 남일면 가중길 37",127.4785247,36.5762081,,3,,"N","Y"
"문주2리경로당","317-2","충청북도 청주시 상당구 남일면 참나무골길 4-27 ",127.5600135,36.5860942,,4,,"N","Y"
"송암2리경로당","452-0","충청북도 청주시 상당구 남일면 효촌송암1길 109-15",127.5198891,36.5902889,,2,,"N","Y"
"효촌6리경로당","202-9","충청북도 청주시 상당구 남일면 효촌송정1길 6-6",127.5101279,36.5880441,,2,,"N","Y"
"청주금빛도서관","327-0","충청북도 청주시 상당구 호미로 272 (금천동)",127.5118411,36.6310484,,0,,"N","Y"
"용담경로당","170-16 용담경로당","충청북도 청주시 상당구  탑동로  104-7, 용담경로당 (용담동)",127.5036881,36.6337536,,2,,,"Y"
"묵방1리경로당","300-5","충청북도 청주시 청원구 내수읍 묵방길 39-3",127.521778,36.689435,,2,,"N","Y"
"용담가좌경로당","210-4 용담가좌경로당","충청북도 청주시 상당구  용담로105번길  41 , 용담가좌경로당 (용담동)",127.5008934,36.6352252,,2,,,"Y"
"효촌8리경로당","35-11","충청북도 청주시 상당구 남일면 효촌송정1길 30 (주원애뜰 1차)",127.5103685,36.5863548,,2,,"N","Y"
"칸타빌더테라스2단지경로당","3157-0","충청북도 청주시 상당구 중고개로 104 (용암동, 칸타빌 더 테라스 2단지)",127.5209391,36.6147698,,3,,"N","Y"
"우미린에듀포레경로당","3150-0","충청북도 청주시 상당구 중고개로142번길 20 (용암동, 청주동남 우미린 에듀포레)",127.5209713,36.6172327,,3,,"N","Y"
"세영첼시빌경로당","421 가좌마을용담 세영 첼시빌 세영첼시빌경로당","충청북도 청주시 상당구  수영로  327 , 세영첼시빌경로당 (용담동, 가좌마을용담 세영 첼시빌)",127.5080186,36.6329915,,2,,,"Y"
"용담명암산성동행정복지센터","156-26","충청북도 청주시 상당구 교동로 149 (용담동)",127.5036362,36.6351251,,2,,,"Y"
"문화경로당","404-2 문화경로당","충청북도 청주시 청원구  우암로9번길  15 , 문화경로당 (우암동)",127.4804117,36.6521462,,5,,,"Y"
"덕암경로당","368-1 덕암경로당","충청북도 청주시 청원구  내덕로28번길  18 , 덕암경로당 (우암동)",127.4841803,36.6560346,,4,,,"Y"
"우암새마을금고","325-13 우암새마을금고","충청북도 청주시 청원구  향군로  30 , 우암새마을금고 (우암동)",127.4872885,36.6487733,,4,,,"Y"
"상당경로당","217-7 상당노인정","충청북도 청주시 청원구  대성로288번길  27-1, 상당노인정 (우암동)",127.4918295,36.6509858,,2,,,"Y"
"우암경로당","345 우암어린이집","충청북도 청주시 청원구  직지대로848번길  42 , 우암어린이집 (우암동)",127.4855313,36.6474684,,5,,,"Y"
"청도경로당","323-18 청도경로당","충청북도 청주시 청원구  직지대로  874-6, 청도경로당 (우암동)",127.4872591,36.6504928,,3,,,"Y"
"덕일한마음경로당","353-2 덕일한마음아파트 덕일한마음아파트","충청북도 청주시 청원구  향군로74번길  26 , 덕일한마음아파트 (우암동, 덕일한마음아파트)",127.4853193,36.6521912,,3,,,"Y"
"증평여자경로당","225-0","충청북도 증평군 증평읍 삼보로7길 49",127.579669,36.784331,,2,,"N","Y"
"주공1단지경로당","544-0","충청북도 증평군 증평읍 삼보로1길 21 (증평주공아파트)",127.5758439,36.7840886,,2,,"N","Y"
"파라디아1차A경로당","822-0","충청북도 증평군 증평읍 충청대로 1746 (파라디아아파트)",127.5801247,36.7851777,,1,,"N","Y"
"장동1리(남)경로당","182-0","충청북도 증평군 증평읍 윗장뜰길 87 ",127.5854892,36.7868339,,2,,"N","Y"
"평화아파트경로당","111-13 평화아파트 경로당","충청북도 청주시 청원구  상당로244번길  6   (우암동, 평화아파트 경로당)",127.4899577,36.649977,,4,,,"Y"
"창동4리여자","544-0","충청북도 증평군 증평읍 삼보로1길 21 (증평주공아파트)",127.5754605,36.7843837,,1,,"N","Y"
"쌍수1리경로당","317-13","충청북도 청주시 상당구 남일면 쌍수길 3",127.5110625,36.5777378,,4,,"N","Y"
"신주공3단지경로당","545-0","충청북도 증평군 증평읍 창신로 85 (증평주공3단지아파트)",127.5820452,36.7789478,,2,,"N","Y"
"오창롯데캐슬아파트경로당","810-2","충청북도 청주시 청원구 오창읍 중부로 760 (오창 롯데캐슬 더 하이스트)",127.436192,36.7101794,,3,,"N","Y"
"가산3리경로당","7-7","충청북도 청주시 상당구 남일면 가산1길 46",127.5026756,36.5736569,,3,,"N","Y"
"원마루공원","1363-0","충청북도 청주시 서원구 1순환로1137번길 20",127.4937038,36.6067808,,,,,"Y"
"교동2리","138-8","충청북도 증평군 증평읍 중앙로10길 25-6 ",127.5859034,36.7846714,,1,,"N","Y"
"문주1리경로당","152-1","충청북도 청주시 상당구 남일면 문주1길 33-2",127.5574204,36.577755,,3,,"N","Y"
"신송1리경로당","174-2","충청북도 청주시 상당구 남일면 신송1길 9-8",127.4893761,36.5786275,,4,,"N","Y"